drop table if exists proprietaire, employer, formule, magasins, commande, client, produit, emplacement;

create table proprietaire(
      nom varchar(12) not null,
      prenom varchar(12) not null,
      idProprietaire decimal (5) primary key,
      salaire decimal (5) not null
  );

  insert into proprietaire values
    ('Garnier','Nathalie',12345,1000);

  create table magasins (
    nom varchar(24) not null,
    adresse varchar(40),
    siret decimal(12) primary key,
    chiffreAffaire decimal(12) not null
  );

insert into magasins values
  ('Boule de Poil','24 bis av. Géneral de Gaulle',132456,10000);

create table employer(
  nom varchar (12) not null,
  salaire decimal(5) not null,
  poste varchar (12) not null,
  idEmployer decimal (24) primary key
);

insert into employer values
  ('Garnier',1250,'toilletage',12345456),
  ('Nix',1300,'sécurité',456789),
  ('Dupond',1100,'caisse',265456),
  ('Karl', 1200,'toilletage',1354561),
  ('Esteves',1100,'ménage',564895),
  ('Dupont',1400,'comptable',654812),
  ('Laurent',1500,'manager',4253554),
  ('Pico',1320,'chargé commande',651321),
  ('Trestka',1400,'webmaster',4548853),
  ("Charles",950,'mise en rayon',456552);

create table travail (
  idEmployer decimal (24) not null,
  magasins decimal (24) not null,
  primary key (idEmployer, magasins),
  foreign key (idEmployer) references employer (idEmployer) on delete cascade on update cascade,
  foreign key (magasins) references magasins (siret) on delete cascade on update cascade ) ;

insert into travail values
    (12345456,132456),
    (456789,132456),
    (265456,132456),
    (1354561,132456),
    (564895,132456),
    (654812,132456),
    (4253554,132456),
    (651321,132456),
    (4548853,132456),
    (456552,132456);


create table commande(
  idCommande decimal(24) primary key,
  prixAchat decimal(12) not null
);

insert into commande values
  (123500697,1235),
  (147000852,3652),
  (156048943,4568),
  (350074198,4230),
  (780901026,1344),
  (450650064,1564),
  (150104018,1595),
  (654070486,458),
  (480946651,1324),
  (489010233,1881),
  (840904351,4561),
  (101001516,654),
  (848091013,320),
  (123105064,456),
  (965040105,650),
  (150060489,5644),
  (650401235,1563),
  (150601068,9846),
  (362054015,882),
  (156220654,3216),
  (540236445,4564),
  (789003456,1321),
  (873240894,1231),
  (780239165,3215),
  (168723046,7894),
  (502030156,1561),
  (360501516,1261),
  (203025651,1656),
  (451304560,4567),
  (132300156,1105),
  (150631000,1235),
  (133250015,494),
  (202012356,6803),
  (251035606,1561),
  (201005105,560),
  (201356116,321),
  (510056454,789),
  (840106143,210),
  (130054654,1561),
  (123010123,654),
  (120602565,201),
  (843224156,321),
  (456102561,354)
  (120300456,614),
  (150640464,780),
  (456430789,4566);

create table formule(
  nom varchar(15) not null,
  race varchar(24) not null,
  prix decimal(3) not null,
  primary key (nom,race)

);

insert into formule values
  ('standard','York',26),
  ('new look','York',39),
  ('peluche','York',44),
  ('tonte','York',39),
  ('standard','Bichon',32),
  ('new look','Bichon',42),
  ('peluche','Bichon',52),
  ('tonte','Bichon',42),
  ('epilation','Westie',57),
  ('coupe','Westie',52),
  ('tonte','Westie',44),
  ('epilation','Cocker',62),
  ('coupe','Cocker',52),
  ('tonte','Cocker',48),
  ('pantalon','Caniche',47),
  ('peluche','Caniche',52),
  ('tonte','Caniche',42),
  ('standard','Cavalier King Charles',34),
  ('coupe','Cavalier King Charles',52),
  ('tonte','Cavalier King Charles',44),
  ('epilation','Schnauzer',62),
  ('coupe','Schnauzer',52),
  ('tonte','Schnauzer',44),
  ('tonte','Spitz',42),
  ('coupe','Spitz',47),
  ('standard','Spitz',37),
  ('epilation','Teckels',47),
  ('tonte','Teckels',42),
  ('standard','Teckels',30),
  ('epilation','Jack Russel',60),
  ('tonte','Jack Russel',35),
  ('bain','Jack Russel',22),
  ('bain','Chihuahua',22),
  ('tonte','Chihuahua',35),
  ('coupe','Chihuahua',40),
  ('entretien','Berger des Pyrénées',35),
  ('tonte','Berger des Pyrénées',45),
  ('coupe','Berger des Pyrénées',55),
  ('standard','Pékinois',32),
  ('coupe','Pékinois',50),
  ('tonte','Pékinois',44),
  ('bain','Rottweiler',42),
  ('bain','Tervuren',58),
  ('bain','Berger Allemand',58),
  ('bain','Golden Retriever',53),
  ('bain','Samoyède',53),
  ('bain','Eurasier',53),
  ('bain','Basset',32),
  ('bain','Beagle',32),
  ('bain','Bulldog',32),
  ('bain','Staff',32),
  ('bain','Dogue Allemand',45),
  ('bain','Bobtail',75),
  ('bain','Briard',75),
  ('coupe','Bobtail',135),
  ('coupe','Briard',135),
  ('coupe','Terre Neuve',125),
  ('coupe','Saint Bernard',125),
  ('bain','Terre Neuve',90),
  ('bain','Saint Bernard',90)
  ;

create table client(
  nom varchar(12) not null,
  telephone char (14) not null,
  numClient int(10) not null,
  prestation date,
  raceChien varchar (12),
  primary key (numClient)
);

insert into client values
  ('Proust','06 06 06 06 06', 1654892,'2016-07-26','Caniche'),
  ('Proust','06 06 06 06 06', 1654892,'2016-09-12','Caniche'),
  ('Proust','06 06 06 06 06', 1654892,'2016-11-25','Caniche'),
  ('Proust','06 06 06 06 06', 1654892,'2017-01-21','Caniche'),
  ('Proust','06 06 06 06 06', 1654892,'2017-03-12','Caniche'),
  ('Proust','06 06 06 06 06', 1654892,'2017-05-23','Caniche'),
  ('Proust','06 06 06 06 06', 1654892,'2017-07-30','Caniche'),
  ('Proust','06 06 06 06 06', 1654892,'2017-09-21','Caniche'),
  ('Proust','06 06 06 06 06', 1654892,'2017-11-12','Caniche'),
  ('Proust','06 06 06 06 06', 1654892,'2018-01-12','Caniche'),
  ('Proust','06 06 06 06 06', 1654892,'2018-03-24','Caniche'),
  ('Proust','06 06 06 06 06', 1654892,'2018-05-14','Caniche'),
  ('Proust','06 06 06 06 06', 1654892,'2018-07-26','Caniche'),
  ('Proust','06 06 06 06 06', 1654892,'2018-09-12','Caniche'),
  ('Proust','06 06 06 06 06', 1654892,'2018-11-01','Caniche'),
  ('Renu','06 12 54 65 12', 2561015,'2015-01-25','Chihuahua'),
  ('Renu','06 12 54 65 12', 2561015,'2015-03-14','Chihuahua'),
  ('Renu','06 12 54 65 12', 2561015,'2015-05-16','Chihuahua'),
  ('Renu','06 12 54 65 12', 2561015,'2015-07-24','Chihuahua'),
  ('Renu','06 12 54 65 12', 2561015,'2015-09-18','Chihuahua'),
  ('Renu','06 12 54 65 12', 2561015,'2015-11-20','Chihuahua'),
  ('Renu','06 12 54 65 12', 2561015,'2016-01-17','Chihuahua'),
  ('Renu','06 12 54 65 12', 2561015,'2016-03-19','Chihuahua'),
  ('Renu','06 12 54 65 12', 2561015,'2016-05-29','Chihuahua'),
  ('Renu','06 12 54 65 12', 2561015,'2016-07-10','Chihuahua'),
  ('Renu','06 12 54 65 12', 2561015,'2016-09-27','Chihuahua'),
  ('Renu','06 12 54 65 12', 2561015,'2016-11-29','Chihuahua'),
  ('Renu','06 12 54 65 12', 2561015,'2017-01-21','Chihuahua'),
  ('Renu','06 12 54 65 12', 2561015,'2017-03-10','Chihuahua'),
  ('Renu','06 12 54 65 12', 2561015,'2017-05-23','Chihuahua'),
  ('Renu','06 12 54 65 12', 2561015,'2017-07-12','Chihuahua'),
  ('Renu','06 12 54 65 12', 2561015,'2017-09-22','Chihuahua'),
  ('Renu','06 12 54 65 12', 2561015,'2017-11-23','Chihuahua'),
  ('Renu','06 12 54 65 12', 2561015,'2018-01-14','Chihuahua'),
  ('Renu','06 12 54 65 12', 2561015,'2018-03-18','Chihuahua'),
  ('Renu','06 12 54 65 12', 2561015,'2018-05-30','Chihuahua'),
  ('Renu','06 12 54 65 12', 2561015,'2018-07-22','Chihuahua'),
  ('Renu','06 12 54 65 12', 2561015,'2018-09-19','Chihuahua'),
  ('Renu','06 12 54 65 12', 2561015,'2018-11-10','Chihuahua'),
  ('Longuer','06 20 48 65 23', 5465413,'2015-02-26','York'),
  ('Longuer','06 20 48 65 23', 5465413,'2015-04-18','York'),
  ('Longuer','06 20 48 65 23', 5465413,'2015-06-25','York'),
  ('Longuer','06 20 48 65 23', 5465413,'2015-08-17','York'),
  ('Longuer','06 20 48 65 23', 5465413,'2015-10-25','York'),
  ('Longuer','06 20 48 65 23', 5465413,'2015-12-14','York'),
  ('Longuer','06 20 48 65 23', 5465413,'2016-02-20','York'),
  ('Longuer','06 20 48 65 23', 5465413,'2016-04-30','York'),
  ('Longuer','06 20 48 65 23', 5465413,'2016-06-17','York'),
  ('Longuer','06 20 48 65 23', 5465413,'2016-08-29','York'),
  ('Longuer','06 20 48 65 23', 5465413,'2016-12-10','York'),
  ('Longuer','06 20 48 65 23', 5465413,'2017-02-19','York'),
  ('Longuer','06 20 48 65 23', 5465413,'2017-04-25','York'),
  ('Longuer','06 20 48 65 23', 5465413,'2017-06-27','York'),
  ('Longuer','06 20 48 65 23', 5465413,'2017-08-10','York'),
  ('Longuer','06 20 48 65 23', 5465413,'2017-10-17','York'),
  ('Longuer','06 20 48 65 23', 5465413,'2017-12-04','York'),
  ('Longuer','06 20 48 65 23', 5465413,'2018-02-01','York'),
  ('Longuer','06 20 48 65 23', 5465413,'2018-04-05','York'),
  ('Longuer','06 20 48 65 23', 5465413,'2018-06-08','York'),
  ('Longuer','06 20 48 65 23', 5465413,'2018-08-30','York'),
  ('Longuer','06 20 48 65 23', 5465413,'2018-10-06','York'),
  ('Bronui','06 45 95 12 23', 4654891,'2015-01-19','Pékinois'),
  ('Bronui','06 45 95 12 23', 4654891,'2015-03-14','Pékinois'),
  ('Bronui','06 45 95 12 23', 4654891,'2015-05-28','Pékinois'),
  ('Bronui','06 45 95 12 23', 4654891,'2015-07-14','Pékinois'),
  ('Bronui','06 45 95 12 23', 4654891,'2015-09-01','Pékinois'),
  ('Bronui','06 45 95 12 23', 4654891,'2015-11-26','Pékinois'),
  ('Bronui','06 45 95 12 23', 4654891,'2016-01-09','Pékinois'),
  ('Bronui','06 45 95 12 23', 4654891,'2016-03-18','Pékinois'),
  ('Bronui','06 45 95 12 23', 4654891,'2016-05-20','Pékinois'),
  ('Bronui','06 45 95 12 23', 4654891,'2016-07-12','Pékinois'),
  ('Bronui','06 45 95 12 23', 4654891,'2016-09-02','Pékinois'),
  ('Bronui','06 45 95 12 23', 4654891,'2016-11-25','Pékinois'),
  ('Bronui','06 45 95 12 23', 4654891,'2017-01-24','Pékinois'),
  ('Bronui','06 45 95 12 23', 4654891,'2017-03-10','Pékinois'),
  ('Bronui','06 45 95 12 23', 4654891,'2017-05-04','Pékinois'),
  ('Bronui','06 45 95 12 23', 4654891,'2017-07-16','Pékinois'),
  ('Bronui','06 45 95 12 23', 4654891,'2017-09-26','Pékinois'),
  ('Bronui','06 45 95 12 23', 4654891,'2017-11-07','Pékinois'),
  ('Bronui','06 45 95 12 23', 4654891,'2018-01-09','Pékinois'),
  ('Bronui','06 45 95 12 23', 4654891,'2018-03-15','Pékinois'),
  ('Bronui','06 45 95 12 23', 4654891,'2018-05-18','Pékinois'),
  ('Bronui','06 45 95 12 23', 4654891,'2018-07-30','Pékinois'),
  ('Bronui','06 45 95 12 23', 4654891,'2018-09-14','Pékinois'),
  ('Bronui','06 45 95 12 23', 4654891,'2018-11-07','Pékinois'),
  ('Bonguez','06 12 45 89 65', 5412328,'2015-01-16','Bichon'),
  ('Bonguez','06 12 45 89 65', 5412328,'2015-03-20','Bichon'),
  ('Bonguez','06 12 45 89 65', 5412328,'2015-05-19','Bichon'),
  ('Bonguez','06 12 45 89 65', 5412328,'2015-07-13','Bichon'),
  ('Bonguez','06 12 45 89 65', 5412328,'2015-09-15','Bichon'),
  ('Bonguez','06 12 45 89 65', 5412328,'2015-11-24','Bichon'),
  ('Bonguez','06 12 45 89 65', 5412328,'2016-01-02','Bichon'),
  ('Bonguez','06 12 45 89 65', 5412328,'2016-03-18','Bichon'),
  ('Bonguez','06 12 45 89 65', 5412328,'2016-05-10','Bichon'),
  ('Bonguez','06 12 45 89 65', 5412328,'2016-07-02','Bichon'),
  ('Bonguez','06 12 45 89 65', 5412328,'2016-09-18','Bichon'),
  ('Bonguez','06 12 45 89 65', 5412328,'2016-11-29','Bichon'),
  ('Bonguez','06 12 45 89 65', 5412328,'2017-01-20','Bichon'),
  ('Bonguez','06 12 45 89 65', 5412328,'2017-03-17','Bichon'),
  ('Bonguez','06 12 45 89 65', 5412328,'2017-05-26','Bichon'),
  ('Bonguez','06 12 45 89 65', 5412328,'2017-07-20','Bichon'),
  ('Bonguez','06 12 45 89 65', 5412328,'2017-09-04','Bichon'),
  ('Bonguez','06 12 45 89 65', 5412328,'2017-11-12','Bichon'),
  ('Bonguez','06 12 45 89 65', 5412328,'2018-01-26','Bichon'),
  ('Bonguez','06 12 45 89 65', 5412328,'2018-03-20','Bichon'),
  ('Bonguez','06 12 45 89 65', 5412328,'2018-05-12','Bichon'),
  ('Bonguez','06 12 45 89 65', 5412328,'2018-07-10','Bichon'),
  ('Bonguez','06 12 45 89 65', 5412328,'2018-09-01','Bichon'),
  ('Bonguez','06 12 45 89 65', 5412328,'2018-11-14','Bichon'),
  ('Rondri','06 84 65 23 45', 651321,'2015-03-20','Schnauzer'),
  ('Rondri','06 84 65 23 45', 651321,'2015-05-14','Schnauzer'),
  ('Rondri','06 84 65 23 45', 651321,'2015-07-04','Schnauzer'),
  ('Rondri','06 84 65 23 45', 651321,'2015-09-20','Schnauzer'),
  ('Rondri','06 84 65 23 45', 651321,'2015-11-29','Schnauzer'),
  ('Rondri','06 84 65 23 45', 651321,'2016-01-10','Schnauzer'),
  ('Rondri','06 84 65 23 45', 651321,'2016-03-24','Schnauzer'),
  ('Rondri','06 84 65 23 45', 651321,'2016-05-19','Schnauzer'),
  ('Rondri','06 84 65 23 45', 651321,'2016-07-30','Schnauzer'),
  ('Rondri','06 84 65 23 45', 651321,'2016-09-03','Schnauzer'),
  ('Rondri','06 84 65 23 45', 651321,'2016-11-17','Schnauzer'),
  ('Rondri','06 84 65 23 45', 651321,'2017-01-10','Schnauzer'),
  ('Rondri','06 84 65 23 45', 651321,'2017-03-11','Schnauzer'),
  ('Rondri','06 84 65 23 45', 651321,'2017-05-03','Schnauzer'),
  ('Rondri','06 84 65 23 45', 651321,'2017-07-10','Schnauzer'),
  ('Rondri','06 84 65 23 45', 651321,'2017-09-25','Schnauzer'),
  ('Rondri','06 84 65 23 45', 651321,'2017-11-20','Schnauzer'),
  ('Rondri','06 84 65 23 45', 651321,'2018-01-16','Schnauzer'),
  ('Rondri','06 84 65 23 45', 651321,'2018-03-03','Schnauzer'),
  ('Rondri','06 84 65 23 45', 651321,'2018-05-19','Schnauzer'),
  ('Rondri','06 84 65 23 45', 651321,'2018-07-11','Schnauzer'),
  ('Rondri','06 84 65 23 45', 651321,'2018-09-30','Schnauzer'),
  ('Rondri','06 84 65 23 45', 651321,'2018-11-03','Schnauzer'),
  ('Pedro','06 23 45 68 12', 456312,'2016-01-12','Berger des Pyrénées'),
  ('Pedro','06 23 45 68 12', 456312,'2016-08-21','Berger des Pyrénées'),
  ('Pedro','06 23 45 68 12', 456312,'2017-04-04','Berger des Pyrénées'),
  ('Pedro','06 23 45 68 12', 456312,'2017-12-18','Berger des Pyrénées'),
  ('Pedro','06 23 45 68 12', 456312,'2018-06-20','Berger des Pyrénées'),
  ('Suipy','06 48 52 69 23', 864123,'2015-06-20','Basset'),
  ('Suipy','06 48 52 69 23', 864123,'2015-12-20','Basset'),
  ('Suipy','06 48 52 69 23', 864123,'2016-04-12','Basset'),
  ('Suipy','06 48 52 69 23', 864123,'2016-06-20','Basset'),
  ('Suipy','06 48 52 69 23', 864123,'2016-10-03','Basset'),
  ('Suipy','06 48 52 69 23', 864123,'2017-01-21','Basset'),
  ('Suipy','06 48 52 69 23', 864123,'2017-04-09','Basset'),
  ('Suipy','06 48 52 69 23', 864123,'2017-08-15','Basset'),
  ('Suipy','06 48 52 69 23', 864123,'2017-12-07','Basset'),
  ('Suipy','06 48 52 69 23', 864123,'2018-04-18','Basset'),
  ('Suipy','06 48 52 69 23', 864123,'2018-08-13','Basset'),
  ('Kiuz','06 75 56 12 33', 546135,'2016-04-15','Cavalier King Charles'),
  ('Kiuz','06 75 56 12 33', 546135,'2016-06-19','Cavalier King Charles'),
  ('Kiuz','06 75 56 12 33', 546135,'2016-08-05','Cavalier King Charles'),
  ('Kiuz','06 75 56 12 33', 546135,'2016-10-23','Cavalier King Charles'),
  ('Kiuz','06 75 56 12 33', 546135,'2016-12-27','Cavalier King Charles'),
  ('Kiuz','06 75 56 12 33', 546135,'2017-02-13','Cavalier King Charles'),
  ('Kiuz','06 75 56 12 33', 546135,'2017-04-03','Cavalier King Charles'),
  ('Kiuz','06 75 56 12 33', 546135,'2017-06-01','Cavalier King Charles'),
  ('Kiuz','06 75 56 12 33', 546135,'2017-08-30','Cavalier King Charles'),
  ('Kiuz','06 75 56 12 33', 546135,'2017-10-13','Cavalier King Charles'),
  ('Kiuz','06 75 56 12 33', 546135,'2017-12-06','Cavalier King Charles'),
  ('Kiuz','06 75 56 12 33', 546135,'2018-02-10','Cavalier King Charles'),
  ('Kiuz','06 75 56 12 33', 546135,'2018-04-23','Cavalier King Charles'),
  ('Kiuz','06 75 56 12 33', 546135,'2018-08-13','Cavalier King Charles'),
  ('Kiuz','06 75 56 12 33', 546135,'2018-10-05','Cavalier King Charles'),
  ('Fuid','06 56 32 45 89', 867453,'2017-03-20','Westie'),
  ('Fuid','06 56 32 45 89', 867453,'2017-07-04','Westie'),
  ('Fuid','06 56 32 45 89', 867453,'2017-11-28','Westie'),
  ('Fuid','06 56 32 45 89', 867453,'2018-01-23','Westie'),
  ('Fuid','06 56 32 45 89', 867453,'2018-03-01','Westie'),
  ('Fuid','06 56 32 45 89', 867453,'2018-09-26','Westie'),
  ('Luido','06 45 32 93 40', 486985,'2015-07-06','York'),
  ('Luido','06 45 32 93 40', 486985,'2015-09-10','York'),
  ('Luido','06 45 32 93 40', 486985,'2015-11-23','York'),
  ('Luido','06 45 32 93 40', 486985,'2016-01-05','York'),
  ('Luido','06 45 32 93 40', 486985,'2016-03-16','York'),
  ('Luido','06 45 32 93 40', 486985,'2016-05-08','York'),
  ('Luido','06 45 32 93 40', 486985,'2016-07-23','York'),
  ('Luido','06 45 32 93 40', 486985,'2016-09-15','York'),
  ('Luido','06 45 32 93 40', 486985,'2016-11-16','York'),
  ('Luido','06 45 32 93 40', 486985,'2017-03-23','York'),
  ('Luido','06 45 32 93 40', 486985,'2017-05-15','York'),
  ('Luido','06 45 32 93 40', 486985,'2017-07-02','York'),
  ('Luido','06 45 32 93 40', 486985,'2017-09-23','York'),
  ('Luido','06 45 32 93 40', 486985,'2017-11-16','York'),
  ('Luido','06 45 32 93 40', 486985,'2018-01-21','York'),
  ('Luido','06 45 32 93 40', 486985,'2018-03-01','York'),
  ('Luido','06 45 32 93 40', 486985,'2018-05-20','York'),
  ('Luido','06 45 32 93 40', 486985,'2018-07-11','York'),
  ('Luido','06 45 32 93 40', 486985,'2018-09-10','York'),
  ('Luido','06 45 32 93 40', 486985,'2018-11-18','York'),
  ('Nator','06 69 95 35 17', 546385,'2015-03-14','Chihuahua'),
  ('Nator','06 69 95 35 17', 546385,'2015-05-10','Chihuahua'),
  ('Nator','06 69 95 35 17', 546385,'2015-07-03','Chihuahua'),
  ('Nator','06 69 95 35 17', 546385,'2015-09-19','Chihuahua'),
  ('Nator','06 69 95 35 17', 546385,'2015-11-10','Chihuahua'),
  ('Nator','06 69 95 35 17', 546385,'2016-01-03','Chihuahua'),
  ('Nator','06 69 95 35 17', 546385,'2016-03-16','Chihuahua'),
  ('Nator','06 69 95 35 17', 546385,'2016-05-29','Chihuahua'),
  ('Nator','06 69 95 35 17', 546385,'2016-07-03','Chihuahua'),
  ('Nator','06 69 95 35 17', 546385,'2016-09-18','Chihuahua'),
  ('Nator','06 69 95 35 17', 546385,'2016-11-07','Chihuahua'),
  ('Nator','06 69 95 35 17', 546385,'2017-01-29','Chihuahua'),
  ('Nator','06 69 95 35 17', 546385,'2017-03-26','Chihuahua'),
  ('Nator','06 69 95 35 17', 546385,'2017-05-03','Chihuahua'),
  ('Nator','06 69 95 35 17', 546385,'2017-07-18','Chihuahua'),
  ('Nator','06 69 95 35 17', 546385,'2017-09-01','Chihuahua'),
  ('Nator','06 69 95 35 17', 546385,'2017-11-27','Chihuahua'),
  ('Nator','06 69 95 35 17', 546385,'2018-01-23','Chihuahua'),
  ('Nator','06 69 95 35 17', 546385,'2018-03-30','Chihuahua'),
  ('Nator','06 69 95 35 17', 546385,'2018-05-27','Chihuahua'),
  ('Nator','06 69 95 35 17', 546385,'2018-07-13','Chihuahua'),
  ('Nator','06 69 95 35 17', 546385,'2018-09-10','Chihuahua'),
  ('Nator','06 69 95 35 17', 546385,'2018-11-06','Chihuahua'),
  ('Quene','06 45 82 20 90', 575435,'2015-12-01','Rottweiler'),
  ('Quene','06 45 82 20 90', 575435,'2016-07-20','Rottweiler'),
  ('Quene','06 45 82 20 90', 575435,'2016-09-10','Rottweiler'),
  ('Quene','06 45 82 20 90', 575435,'2017-04-30','Rottweiler'),
  ('Quene','06 45 82 20 90', 575435,'2017-09-14','Rottweiler'),
  ('Quene','06 45 82 20 90', 575435,'2018-05-10','Rottweiler'),
  ('Quene','06 45 82 20 90', 575435,'2018-10-22','Rottweiler'),
  ('Mzanu','06 85 61 31 56', 886886,'2015-01-14','Cocker'),
  ('Mzanu','06 85 61 31 56', 886886,'2015-03-28','Cocker'),
  ('Mzanu','06 85 61 31 56', 886886,'2015-05-30','Cocker'),
  ('Mzanu','06 85 61 31 56', 886886,'2015-08-27','Cocker'),
  ('Mzanu','06 85 61 31 56', 886886,'2015-11-23','Cocker'),
  ('Mzanu','06 85 61 31 56', 886886,'2016-01-29','Cocker'),
  ('Mzanu','06 85 61 31 56', 886886,'2016-03-03','Cocker'),
  ('Mzanu','06 85 61 31 56', 886886,'2016-05-30','Cocker'),
  ('Mzanu','06 85 61 31 56', 886886,'2016-07-13','Cocker'),
  ('Mzanu','06 85 61 31 56', 886886,'2016-09-17','Cocker'),
  ('Mzanu','06 85 61 31 56', 886886,'2016-11-01','Cocker'),
  ('Mzanu','06 85 61 31 56', 886886,'2017-01-12','Cocker'),
  ('Mzanu','06 85 61 31 56', 886886,'2017-03-23','Cocker'),
  ('Mzanu','06 85 61 31 56', 886886,'2017-05-01','Cocker'),
  ('Mzanu','06 85 61 31 56', 886886,'2017-07-16','Cocker'),
  ('Mzanu','06 85 61 31 56', 886886,'2017-09-23','Cocker'),
  ('Mzanu','06 85 61 31 56', 886886,'2017-11-30','Cocker'),
  ('Mzanu','06 85 61 31 56', 886886,'2018-02-13','Cocker'),
  ('Mzanu','06 85 61 31 56', 886886,'2018-05-14','Cocker'),
  ('Mzanu','06 85 61 31 56', 886886,'2018-07-29','Cocker'),
  ('Mzanu','06 85 61 31 56', 886886,'2018-10-11','Cocker'),
  ('Tacy','06 45 62 33 01', 147341,'2016-05-30','Caniche'),
  ('Tacy','06 45 62 33 01', 147341,'2016-07-10','Caniche'),
  ('Tacy','06 45 62 33 01', 147341,'2016-09-07','Caniche'),
  ('Tacy','06 45 62 33 01', 147341,'2016-11-17','Caniche'),
  ('Tacy','06 45 62 33 01', 147341,'2017-01-10','Caniche'),
  ('Tacy','06 45 62 33 01', 147341,'2017-03-17','Caniche'),
  ('Tacy','06 45 62 33 01', 147341,'2017-05-20','Caniche'),
  ('Tacy','06 45 62 33 01', 147341,'2017-07-03','Caniche'),
  ('Tacy','06 45 62 33 01', 147341,'2017-09-22','Caniche'),
  ('Tacy','06 45 62 33 01', 147341,'2017-11-23','Caniche'),
  ('Tacy','06 45 62 33 01', 147341,'2018-02-10','Caniche'),
  ('Tacy','06 45 62 33 01', 147341,'2018-04-17','Caniche'),
  ('Tacy','06 45 62 33 01', 147341,'2018-07-23','Caniche'),
  ('Tacy','06 45 62 33 01', 147341,'2018-09-14','Caniche'),
  ('Tacy','06 45 62 33 01', 147341,'2018-11-20','Caniche'),
  ('Muy','06 99 22 33 07', 645664,'2015-11-22','York'),
  ('Muy','06 99 22 33 07', 645664,'2016-01-17','York'),
  ('Muy','06 99 22 33 07', 645664,'2016-03-12','York'),
  ('Muy','06 99 22 33 07', 645664,'2016-05-15','York'),
  ('Muy','06 99 22 33 07', 645664,'2016-07-02','York'),
  ('Muy','06 99 22 33 07', 645664,'2016-09-10','York'),
  ('Muy','06 99 22 33 07', 645664,'2016-11-16','York'),
  ('Muy','06 99 22 33 07', 645664,'2017-01-09','York'),
  ('Muy','06 99 22 33 07', 645664,'2017-03-06','York'),
  ('Muy','06 99 22 33 07', 645664,'2017-05-02','York'),
  ('Muy','06 99 22 33 07', 645664,'2017-07-30','York'),
  ('Muy','06 99 22 33 07', 645664,'2017-09-18','York'),
  ('Muy','06 99 22 33 07', 645664,'2017-11-24','York'),
  ('Muy','06 99 22 33 07', 645664,'2017-12-20','York'),
  ('Muy','06 99 22 33 07', 645664,'2018-02-27','York'),
  ('Muy','06 99 22 33 07', 645664,'2018-04-13','York'),
  ('Muy','06 99 22 33 07', 645664,'2018-06-17','York'),
  ('Muy','06 99 22 33 07', 645664,'2018-09-04','York'),
  ('Muy','06 99 22 33 07', 645664,'2018-11-14','York'),
  ('Kyua','06 78 92 66 23', 654789,'2016-07-17','Terre Neuve'),
  ('Kyua','06 78 92 66 23', 654789,'2017-07-07','Terre Neuve'),
  ('Kyua','06 78 92 66 23', 654789,'2018-07-23','Terre Neuve'),
  ('Romaw','06 78 55 31 55', 7978960,'2015-01-04','Chihuahua'),
  ('Romaw','06 78 55 31 55', 7978960,'2015-03-07','Chihuahua'),
  ('Romaw','06 78 55 31 55', 7978960,'2015-05-08','Chihuahua'),
  ('Romaw','06 78 55 31 55', 7978960,'2015-07-17','Chihuahua'),
  ('Romaw','06 78 55 31 55', 7978960,'2015-09-26','Chihuahua'),
  ('Romaw','06 78 55 31 55', 7978960,'2015-11-23','Chihuahua'),
  ('Romaw','06 78 55 31 55', 7978960,'2016-01-07','Chihuahua'),
  ('Romaw','06 78 55 31 55', 7978960,'2016-03-30','Chihuahua'),
  ('Romaw','06 78 55 31 55', 7978960,'2016-05-27','Chihuahua'),
  ('Romaw','06 78 55 31 55', 7978960,'2016-07-14','Chihuahua'),
  ('Romaw','06 78 55 31 55', 7978960,'2016-09-20','Chihuahua'),
  ('Romaw','06 78 55 31 55', 7978960,'2016-10-01','Chihuahua'),
  ('Romaw','06 78 55 31 55', 7978960,'2017-02-09','Chihuahua'),
  ('Romaw','06 78 55 31 55', 7978960,'2017-04-17','Chihuahua'),
  ('Romaw','06 78 55 31 55', 7978960,'2017-06-14','Chihuahua'),
  ('Romaw','06 78 55 31 55', 7978960,'2017-08-23','Chihuahua'),
  ('Romaw','06 78 55 31 55', 7978960,'2017-10-05','Chihuahua'),
  ('Romaw','06 78 55 31 55', 7978960,'2017-12-17','Chihuahua'),
  ('Romaw','06 78 55 31 55', 7978960,'2018-02-13','Chihuahua'),
  ('Romaw','06 78 55 31 55', 7978960,'2018-04-29','Chihuahua'),
  ('Romaw','06 78 55 31 55', 7978960,'2018-06-13','Chihuahua'),
  ('Romaw','06 78 55 31 55', 7978960,'2018-08-29','Chihuahua'),
  ('Romaw','06 78 55 31 55', 7978960,'2018-10-11','Chihuahua'),
  ('Hona','06 45 68 98 12', 165468,'2016-09-17','Cocker'),
  ('Hona','06 45 68 98 12', 165468,'2016-11-29','Cocker'),
  ('Hona','06 45 68 98 12', 165468,'2017-01-13','Cocker'),
  ('Hona','06 45 68 98 12', 165468,'2017-03-30','Cocker'),
  ('Hona','06 45 68 98 12', 165468,'2017-05-17','Cocker'),
  ('Hona','06 45 68 98 12', 165468,'2017-07-02','Cocker'),
  ('Hona','06 45 68 98 12', 165468,'2017-09-18','Cocker'),
  ('Hona','06 45 68 98 12', 165468,'2017-11-02','Cocker'),
  ('Hona','06 45 68 98 12', 165468,'2018-01-30','Cocker'),
  ('Hona','06 45 68 98 12', 165468,'2018-03-27','Cocker'),
  ('Hona','06 45 68 98 12', 165468,'2018-05-21','Cocker'),
  ('Hona','06 45 68 98 12', 165468,'2018-07-23','Cocker'),
  ('Hona','06 45 68 98 12', 165468,'2018-11-21','Cocker'),
  ('Ruy','06 90 56 48 21', 4654891,'2015-05-28','Pékinois'),
  ('Ruy','06 90 56 48 21', 4654891,'2015-07-14','Pékinois'),
  ('Ruy','06 90 56 48 21', 4654891,'2015-09-01','Pékinois'),
  ('Ruy','06 90 56 48 21', 4654891,'2015-11-26','Pékinois'),
  ('Ruy','06 90 56 48 21', 4654891,'2016-01-09','Pékinois'),
  ('Ruy','06 90 56 48 21', 4654891,'2016-03-18','Pékinois'),
  ('Ruy','06 90 56 48 21', 4654891,'2016-05-20','Pékinois'),
  ('Ruy','06 90 56 48 21', 4654891,'2016-07-12','Pékinois'),
  ('Ruy','06 90 56 48 21', 4654891,'2016-09-02','Pékinois'),
  ('Ruy','06 90 56 48 21', 4654891,'2016-11-25','Pékinois'),
  ('Ruy','06 90 56 48 21', 4654891,'2017-01-24','Pékinois'),
  ('Ruy','06 90 56 48 21', 4654891,'2017-03-10','Pékinois'),
  ('Ruy','06 90 56 48 21', 4654891,'2017-05-04','Pékinois'),
  ('Ruy','06 90 56 48 21', 4654891,'2017-07-16','Pékinois'),
  ('Ruy','06 90 56 48 21', 4654891,'2017-09-26','Pékinois'),
  ('Ruy','06 90 56 48 21', 4654891,'2017-11-07','Pékinois'),
  ('Ruy','06 90 56 48 21', 4654891,'2018-01-09','Pékinois'),
  ('Ruy','06 90 56 48 21', 4654891,'2018-03-15','Pékinois'),
  ('Ruy','06 90 56 48 21', 4654891,'2018-05-18','Pékinois'),
  ('Ruy','06 90 56 48 21', 4654891,'2018-07-30','Pékinois'),
  ('Ruy','06 90 56 48 21', 4654891,'2018-09-14','Pékinois'),
  ('Ruy','06 90 56 48 21', 4654891,'2018-11-07','Pékinois'),
  ('Konag','06 75 65 20 92', 6841306,'2015-03-14','Schnauzer'),
  ('Konag','06 75 65 20 92', 6841306,'2015-05-30','Schnauzer'),
  ('Konag','06 75 65 20 92', 6841306,'2015-07-14','Schnauzer'),
  ('Konag','06 75 65 20 92', 6841306,'2015-09-30','Schnauzer'),
  ('Konag','06 75 65 20 92', 6841306,'2015-11-21','Schnauzer'),
  ('Konag','06 75 65 20 92', 6841306,'2016-01-14','Schnauzer'),
  ('Konag','06 75 65 20 92', 6841306,'2016-03-04','Schnauzer'),
  ('Konag','06 75 65 20 92', 6841306,'2016-05-29','Schnauzer'),
  ('Konag','06 75 65 20 92', 6841306,'2016-07-06','Schnauzer'),
  ('Konag','06 75 65 20 92', 6841306,'2016-09-15','Schnauzer'),
  ('Konag','06 75 65 20 92', 6841306,'2016-11-19','Schnauzer'),
  ('Konag','06 75 65 20 92', 6841306,'2017-01-13','Schnauzer'),
  ('Konag','06 75 65 20 92', 6841306,'2017-03-17','Schnauzer'),
  ('Konag','06 75 65 20 92', 6841306,'2017-05-23','Schnauzer'),
  ('Konag','06 75 65 20 92', 6841306,'2017-07-26','Schnauzer'),
  ('Konag','06 75 65 20 92', 6841306,'2017-09-27','Schnauzer'),
  ('Konag','06 75 65 20 92', 6841306,'2018-01-16','Schnauzer'),
  ('Konag','06 75 65 20 92', 6841306,'2017-11-20','Schnauzer'),
  ('Konag','06 75 65 20 92', 6841306,'2018-05-19','Schnauzer'),
  ('Konag','06 75 65 20 92', 6841306,'2018-03-03','Schnauzer'),
  ('Konag','06 75 65 20 92', 6841306,'2018-09-03','Schnauzer'),
  ('Konag','06 75 65 20 92', 6841306,'2018-07-11','Schnauzer'),
  ('Konag','06 75 65 20 92', 6841306,'2018-11-03','Schnauzer'),
  ('Fuboe','06 45 96 32 15', 6813135,'2016-04-15','Cavalier King Charles'),
  ('Fuboe','06 45 96 32 15', 6813135,'2016-06-19','Cavalier King Charles'),
  ('Fuboe','06 45 96 32 15', 6813135,'2016-08-05','Cavalier King Charles'),
  ('Fuboe','06 45 96 32 15', 6813135,'2016-10-23','Cavalier King Charles'),
  ('Fuboe','06 45 96 32 15', 6813135,'2016-12-27','Cavalier King Charles'),
  ('Fuboe','06 45 96 32 15', 6813135,'2017-02-13','Cavalier King Charles'),
  ('Fuboe','06 45 96 32 15', 6813135,'2017-04-03','Cavalier King Charles'),
  ('Fuboe','06 45 96 32 15', 6813135,'2017-06-01','Cavalier King Charles'),
  ('Fuboe','06 45 96 32 15', 6813135,'2017-08-30','Cavalier King Charles'),
  ('Fuboe','06 45 96 32 15', 6813135,'2017-10-13','Cavalier King Charles'),
  ('Fuboe','06 45 96 32 15', 6813135,'2017-12-06','Cavalier King Charles'),
  ('Fuboe','06 45 96 32 15', 6813135,'2018-02-10','Cavalier King Charles'),
  ('Fuboe','06 45 96 32 15', 6813135,'2018-04-23','Cavalier King Charles'),
  ('Fuboe','06 45 96 32 15', 6813135,'2018-08-13','Cavalier King Charles'),
  ('Fuboe','06 45 96 32 15', 6813135,'2018-10-05','Cavalier King Charles'),
  ('Ruiza','06 68 12 35 11', 1613463,'2015-12-01','Berger Allemand'),
  ('Ruiza','06 68 12 35 11', 1613463,'2016-07-20','Berger Allemand'),
  ('Ruiza','06 68 12 35 11', 1613463,'2016-09-10','Berger Allemand'),
  ('Ruiza','06 68 12 35 11', 1613463,'2017-04-30','Berger Allemand'),
  ('Ruiza','06 68 12 35 11', 1613463,'2017-09-14','Berger Allemand'),
  ('Ruiza','06 68 12 35 11', 1613463,'2018-05-10','Berger Allemand'),
  ('Ruiza','06 68 12 35 11', 1613463,'2018-10-22','Berger Allemand'),
  ('Horza','06 73 35 13 65', 348230,'2015-01-16','Bichon'),
  ('Horza','06 73 35 13 65', 348230,'2015-03-20','Bichon'),
  ('Horza','06 73 35 13 65', 348230,'2015-05-19','Bichon'),
  ('Horza','06 73 35 13 65', 348230,'2015-07-13','Bichon'),
  ('Horza','06 73 35 13 65', 348230,'2015-09-15','Bichon'),
  ('Horza','06 73 35 13 65', 348230,'2015-11-24','Bichon'),
  ('Horza','06 73 35 13 65', 348230,'2016-01-02','Bichon'),
  ('Horza','06 73 35 13 65', 348230,'2016-03-18','Bichon'),
  ('Horza','06 73 35 13 65', 348230,'2016-05-10','Bichon'),
  ('Horza','06 73 35 13 65', 348230,'2016-07-02','Bichon'),
  ('Horza','06 73 35 13 65', 348230,'2016-09-18','Bichon'),
  ('Horza','06 73 35 13 65', 348230,'2016-11-29','Bichon'),
  ('Horza','06 73 35 13 65', 348230,'2017-01-20','Bichon'),
  ('Horza','06 73 35 13 65', 348230,'2017-03-17','Bichon'),
  ('Horza','06 73 35 13 65', 348230,'2017-05-26','Bichon'),
  ('Horza','06 73 35 13 65', 348230,'2017-07-20','Bichon'),
  ('Horza','06 73 35 13 65', 348230,'2017-09-04','Bichon'),
  ('Horza','06 73 35 13 65', 348230,'2017-11-12','Bichon'),
  ('Horza','06 73 35 13 65', 348230,'2018-01-26','Bichon'),
  ('Horza','06 73 35 13 65', 348230,'2018-03-20','Bichon'),
  ('Horza','06 73 35 13 65', 348230,'2018-05-12','Bichon'),
  ('Horza','06 73 35 13 65', 348230,'2018-07-10','Bichon'),
  ('Horza','06 73 35 13 65', 348230,'2018-09-01','Bichon'),
  ('Horza','06 73 35 13 65', 348230,'2018-11-14','Bichon'),
  ('Nuar','06 68 64 65 34', 6841313,'2016-07-26','Caniche'),
  ('Nuar','06 68 64 65 34', 6841313,'2016-09-12','Caniche'),
  ('Nuar','06 68 64 65 34', 6841313,'2016-11-25','Caniche'),
  ('Nuar','06 68 64 65 34', 6841313,'2017-01-21','Caniche'),
  ('Nuar','06 68 64 65 34', 6841313,'2017-03-12','Caniche'),
  ('Nuar','06 68 64 65 34', 6841313,'2017-05-23','Caniche'),
  ('Nuar','06 68 64 65 34', 6841313,'2017-07-30','Caniche'),
  ('Nuar','06 68 64 65 34', 6841313,'2017-09-21','Caniche'),
  ('Nuar','06 68 64 65 34', 6841313,'2017-11-12','Caniche'),
  ('Nuar','06 68 64 65 34', 6841313,'2018-01-12','Caniche'),
  ('Nuar','06 68 64 65 34', 6841313,'2018-03-24','Caniche'),
  ('Nuar','06 68 64 65 34', 6841313,'2018-05-14','Caniche'),
  ('Nuar','06 68 64 65 34', 6841313,'2018-07-26','Caniche'),
  ('Nuar','06 68 64 65 34', 6841313,'2018-09-12','Caniche'),
  ('Nuar','06 68 64 65 34', 6841313,'2018-11-01','Caniche'),
  ('Trioa','06 84 85 64 31', 4571356,'2015-01-04','Chihuahua'),
  ('Trioa','06 84 85 64 31', 4571356,'2015-03-07','Chihuahua'),
  ('Trioa','06 84 85 64 31', 4571356,'2015-05-08','Chihuahua'),
  ('Trioa','06 84 85 64 31', 4571356,'2015-07-17','Chihuahua'),
  ('Trioa','06 84 85 64 31', 4571356,'2015-09-26','Chihuahua'),
  ('Trioa','06 84 85 64 31', 4571356,'2015-11-23','Chihuahua'),
  ('Trioa','06 84 85 64 31', 4571356,'2016-01-07','Chihuahua'),
  ('Trioa','06 84 85 64 31', 4571356,'2016-03-30','Chihuahua'),
  ('Trioa','06 84 85 64 31', 4571356,'2016-05-27','Chihuahua'),
  ('Trioa','06 84 85 64 31', 4571356,'2016-07-14','Chihuahua'),
  ('Trioa','06 84 85 64 31', 4571356,'2016-09-20','Chihuahua'),
  ('Trioa','06 84 85 64 31', 4571356,'2016-10-01','Chihuahua'),
  ('Trioa','06 84 85 64 31', 4571356,'2017-02-09','Chihuahua'),
  ('Trioa','06 84 85 64 31', 4571356,'2017-04-17','Chihuahua'),
  ('Trioa','06 84 85 64 31', 4571356,'2017-06-14','Chihuahua'),
  ('Trioa','06 84 85 64 31', 4571356,'2017-08-23','Chihuahua'),
  ('Trioa','06 84 85 64 31', 4571356,'2017-10-05','Chihuahua'),
  ('Trioa','06 84 85 64 31', 4571356,'2017-12-17','Chihuahua'),
  ('Trioa','06 84 85 64 31', 4571356,'2018-02-13','Chihuahua'),
  ('Trioa','06 84 85 64 31', 4571356,'2018-04-29','Chihuahua'),
  ('Trioa','06 84 85 64 31', 4571356,'2018-06-13','Chihuahua'),
  ('Trioa','06 84 85 64 31', 4571356,'2018-08-29','Chihuahua'),
  ('Trioa','06 84 85 64 31', 4571356,'2018-10-11','Chihuahua'),
  ('Jioma','06 62 40 52 58', 58823689,'2015-01-14','Cocker'),
  ('Jioma','06 62 40 52 58', 58823689,'2015-03-28','Cocker'),
  ('Jioma','06 62 40 52 58', 58823689,'2015-05-30','Cocker'),
  ('Jioma','06 62 40 52 58', 58823689,'2015-08-27','Cocker'),
  ('Jioma','06 62 40 52 58', 58823689,'2015-11-23','Cocker'),
  ('Jioma','06 62 40 52 58', 58823689,'2016-01-29','Cocker'),
  ('Jioma','06 62 40 52 58', 58823689,'2016-03-03','Cocker'),
  ('Jioma','06 62 40 52 58', 58823689,'2016-05-30','Cocker'),
  ('Jioma','06 62 40 52 58', 58823689,'2016-07-13','Cocker'),
  ('Jioma','06 62 40 52 58', 58823689,'2016-09-17','Cocker'),
  ('Jioma','06 62 40 52 58', 58823689,'2016-11-01','Cocker'),
  ('Jioma','06 62 40 52 58', 58823689,'2017-01-12','Cocker'),
  ('Jioma','06 62 40 52 58', 58823689,'2017-03-23','Cocker'),
  ('Jioma','06 62 40 52 58', 58823689,'2017-05-01','Cocker'),
  ('Jioma','06 62 40 52 58', 58823689,'2017-07-16','Cocker'),
  ('Jioma','06 62 40 52 58', 58823689,'2017-09-23','Cocker'),
  ('Jioma','06 62 40 52 58', 58823689,'2017-11-30','Cocker'),
  ('Jioma','06 62 40 52 58', 58823689,'2018-02-13','Cocker'),
  ('Jioma','06 62 40 52 58', 58823689,'2018-05-14','Cocker'),
  ('Jioma','06 62 40 52 58', 58823689,'2018-07-29','Cocker'),
  ('Jioma','06 62 40 52 58', 58823689,'2018-10-11','Cocker'),
  ('Guia','06 60 98 16 57', 4685131,'2015-06-20','Basset'),
  ('Guia','06 60 98 16 57', 4685131,'2015-12-20','Basset'),
  ('Guia','06 60 98 16 57', 4685131,'2016-04-12','Basset'),
  ('Guia','06 60 98 16 57', 4685131,'2016-06-20','Basset'),
  ('Guia','06 60 98 16 57', 4685131,'2016-10-03','Basset'),
  ('Guia','06 60 98 16 57', 4685131,'2017-01-21','Basset'),
  ('Guia','06 60 98 16 57', 4685131,'2017-04-09','Basset'),
  ('Guia','06 60 98 16 57', 4685131,'2017-08-15','Basset'),
  ('Guia','06 60 98 16 57', 4685131,'2017-12-07','Basset'),
  ('Guia','06 60 98 16 57', 4685131,'2018-04-18','Basset'),
  ('Guia','06 60 98 16 57', 4685131,'2018-08-13','Basset'),
  ('Cuiama','06 47 87 13 63', 133164,'2015-07-06','York'),
  ('Cuiama','06 47 87 13 63', 133164,'2015-09-10','York'),
  ('Cuiama','06 47 87 13 63', 133164,'2015-11-23','York'),
  ('Cuiama','06 47 87 13 63', 133164,'2016-01-05','York'),
  ('Cuiama','06 47 87 13 63', 133164,'2016-03-16','York'),
  ('Cuiama','06 47 87 13 63', 133164,'2016-05-08','York'),
  ('Cuiama','06 47 87 13 63', 133164,'2016-07-23','York'),
  ('Cuiama','06 47 87 13 63', 133164,'2016-09-15','York'),
  ('Cuiama','06 47 87 13 63', 133164,'2016-11-16','York'),
  ('Cuiama','06 47 87 13 63', 133164,'2017-03-23','York'),
  ('Cuiama','06 47 87 13 63', 133164,'2017-05-15','York'),
  ('Cuiama','06 47 87 13 63', 133164,'2017-07-02','York'),
  ('Cuiama','06 47 87 13 63', 133164,'2017-09-23','York'),
  ('Cuiama','06 47 87 13 63', 133164,'2017-11-16','York'),
  ('Cuiama','06 47 87 13 63', 133164,'2018-01-21','York'),
  ('Cuiama','06 47 87 13 63', 133164,'2018-03-01','York'),
  ('Cuiama','06 47 87 13 63', 133164,'2018-07-11','York'),
  ('Cuiama','06 47 87 13 63', 133164,'2018-05-20','York'),
  ('Cuiama','06 47 87 13 63', 133164,'2018-09-10','York'),
  ('Cuiama','06 47 87 13 63', 133164,'2018-11-18','York'),
  ('Huiad','06 86 32 34 65', 6548842,'2015-12-01','Rottweiler'),
  ('Huiad','06 86 32 34 65', 6548842,'2016-07-20','Rottweiler'),
  ('Huiad','06 86 32 34 65', 6548842,'2016-09-10','Rottweiler'),
  ('Huiad','06 86 32 34 65', 6548842,'2017-04-30','Rottweiler'),
  ('Huiad','06 86 32 34 65', 6548842,'2017-09-14','Rottweiler'),
  ('Huiad','06 86 32 34 65', 6548842,'2018-05-10','Rottweiler'),
  ('Huiad','06 86 32 34 65', 6548842,'2018-10-22','Rottweiler');


create table produit(
  designation decimal(24) primary key,
  categorie varchar(24) not null,
  PrixAchatHT decimal (3) not null,
  PrixVenteTTC decimal(3) not null
);

insert into produit values
  (65436,'laisse',12,21),
  (64565,'laisse',17,32),
  (45655,'laisse',10,22),
  (45656,'laisse',6,11),
  (68464,'laisse',14,23),
  (65165,'laisse',20,27),
  (645156,'laisse',9,18),
  (465466,'laisse',11,24),
  (546464,'laisse',8,22),
  (5646462,'laisse',14,29),
  (6876876,'laisse',12,27),
  (564645,'laisse',14,30),
  (788597,'laisse',7,17),
  (456465,'laisse',10,18),
  (464646,'laisse',11,27),
  (484566,'brosse',10,15),
  (6845674,'brosse',4,10),
  (4564564,'brosse',7,15),
  (654465,'brosse',8,19),
  (564456,'brosse',10,25),
  (454544,'harnais',12,19),
  (155645,'harnais',10,17),
  (489456,'harnais',14,28),
  (454744,'harnais',17,33),
  (474544,'harnais',12,19),
  (774544,'harnais',11,18),
  (566087,'harnais',17,28),
  (6846436,'harnais',22,45),
  (857757,'harnais',8,15),
  (684468,'harnais',19,38),
  (654465,'harnais',13,28),
  (774544,'harnais',11,18),
  (656456,'harnais',10,30),
  (688464,'harnais',17,34),
  (864684,'harnais',10,22),
  (654646,'harnais',14,36),
  (575667,'harnais',11,28),
  (654646,'flexi',15,28),
  (5577599,'flexi',14,30),
  (5775759,'flexi',11,27),
  (74567456,'flexi',7,15),
  (6886684,'flexi',4,13),
  (5657756,'flexi',14,26),
  (5775757,'flexi',17,36),
  (654646,'flexi',15,28),
  (6886413,'flexi',12,27),
  (5787655,'flexi',19,32),
  (6886682,'panier',20,48),
  (57577512,'panier',40,70),
  (45456544,'panier',12,58),
  (54541231,'panier',20,37),
  (45464413,'panier',29,60),
  (65481325,'panier',36,69),
  (84984654,'panier',39,64),
  (564165132,'panier',10,25),
  (65421325,'panier',18,29),
  (65446123,'panier',7,18),
  (65416532,'panier',17,25),
  (56411461,'panier',18,33),
  (54641321,'panier',26,37),
  (45654646,'panier',8,14),
  (45678410,'blouson',40,78),
  (56465741,'blouson',60,98),
  (56413156,'blouson',34,67),
  (54531348,'blouson',58,84),
  (54161321,'blouson',49,74),
  (45665421,'blouson',28,61),
  (68486432,'blouson',49,89),
  (54565642,'blouson',60,99),
  (56461231,'blouson',50,87),
  (54646241,'blouson',68,107),
  (54646213,'blouson',38,68),
  (654612315,'blouson',47,73),
  (45678410,'blouson',37,59),
  (45678410,'colier',40,78),
  (98456411.,'colier',17,37),
  (564651612,'colier',27,57),
  (547795433,'colier',27,48),
  (564646131,'colier',10,20),
  (564564566,'colier',10,28),
  (546548749,'colier',19,35),
  (544687865,'colier',4,12),
  (546513459,'colier',17,28),
  (6544843158,'colier',10,19),
  (6845644131,'colier',17,28),
  (454694984,'colier',28,35),
  (746781321,'colier',20,37),
  (548431321,'colier',16,29),
  (643213847,'colier',7,19),
  (984651432,'muselière',8,17),
  (654613211,'muselière',10,19),
  (846131881,'muselière',7,15),
  (564164321,'muselière',5,13),
  (493213645,'muselière',9,18),
  (513215648,'muselière',4,12),
  (561321562,'muselière',7,19),
  (456414231,'jouets',9,12),
  (651561614,'jouets',10,15),
  (684321300,'jouets',7,11),
  (543213543,'jouets',4,8),
  (164615742,'jouets',5,9),
  (651431218,'jouets',11,17),
  (165324231,'jouets',9,12),
  (58432161,'jouets',12,19),
  (56651059,'jouets',14,21),
  (561461321,'jouets',15,25),
  (654321563,'jouets',6,11),
  (561321446,'jouets',9,17),
  (651321785,'jouets',12,19),
  (456132156,'jouets',9,12);


create table emplacement(
  couloir varchar(12) not null,
  etagere varchar(12) not null,
  position decimal(12) primary key,
);

insert into emplacement values
  ('couloir','etagère du haut ',13245),
  ('couloir','etagere',123456);


grant all privileges
on produit
to Nathalie_Garnier
with grant option;
--donne tout l'accès à Nathalie à la table produit

create role PROPRIO;
  grant select on proprietaire to PROPRIO; --donne accès à la table proprietaire
  grant update salaire on proprietaire to PROPRIO; --permet de lui modifier le salaire
  grant PROPRIO to Nathalie_Garnier; --donne ce rôle à Nathalie
