drop table if exists proprietaire, employer, formule, magasins, commande, client, produit, emplacement;

create table proprietaire(
      nom varchar(12) not null,
      prenom varchar(12) not null,
      idProprietaire decimal (5) primary key,
      salaire decimal (5) not null
  );

  insert into proprietaire values
    ('Garnier','Nathalie',12345,1000);

  create table magasins (
    nom varchar(24) not null,
    adresse varchar(40),
    siret decimal(12) primary key,
    chiffreAffaire decimal(12) not null
  );

insert into magasins values
  ('Boule de Poil','24 bis av. General de Gaulle',132456,10000);

create table employer(
  nom varchar (12) not null,
  salaire decimal(5) not null,
  poste varchar (12) not null,
  idEmployer decimal (24) primary key
);

insert into employer values
  ('Garnier',1250,'toilletage',12345456),
  ('Nix',1300,'securite',456789),
  ('Dupond',1100,'caisse',265456),
  ('Karl', 1200,'toilletage',1354561),
  ('Esteves',1100,'menage',564895),
  ('Dupont',1400,'comptable',654812),
  ('Laurent',1500,'manager',4253554),
  ('Pico',1320,'charge commande',651321),
  ('Trestka',1400,'webmaster',4548853),
  ("Charles",950,'mise en rayon',456552);

create table travail (
  idEmployer decimal (24) not null,
  magasins decimal (24) not null,
  primary key (idEmployer, magasins),
  foreign key (idEmployer) references employer (idEmployer) on delete cascade on update cascade,
  foreign key (magasins) references magasins (siret) on delete cascade on update cascade ) ;

insert into travail values
    (12345456,132456),
    (456789,132456),
    (265456,132456),
    (1354561,132456),
    (564895,132456),
    (654812,132456),
    (4253554,132456),
    (651321,132456),
    (4548853,132456),
    (456552,132456);


create table commande(
  idCommande decimal(24) primary key,
  prixAchat decimal(12) not null
);

insert into commande values
  (123500697,1235),
  (147000852,3652),
  (156048943,4568),
  (350074198,4230),
  (780901026,1344),
  (450650064,1564),
  (150104018,1595),
  (654070486,458),
  (480946651,1324),
  (489010233,1881),
  (840904351,4561),
  (654113633,452),
  (262506523,354),
  (798103465,562),
  (645506126,598),
  (645561328,884),
  (564506532,565),
  (645108643,635),
  (101001516,654),
  (123105064,456),
  (965040105,650),
  (150060489,5644),
  (650401235,1563),
  (150601068,9846),
  (362054015,882),
  (156220654,3216),
  (540236445,4564),
  (789003456,1321),
  (873240894,1231),
  (780239165,3215),
  (168723046,7894),
  (502030156,1561),
  (645135646,1325),
  (360501516,1261),
  (651321389,2653),
  (265151031,351),
  (203025651,1656),
  (451304560,4567),
  (132300156,1105),
  (150631000,1235),
  (133250015,494),
  (202012356,6803),
  (251035606,1561),
  (201005105,560),
  (201356116,321),
  (510056454,789),
  (840106143,210),
  (130054654,1561),
  (123010123,654),
  (120602565,201),
  (843224156,321),
  (456102561,354)
  (120300456,614),
  (150640464,780),
  (456430789,4566);

create table formule(
  nom varchar(15) not null,
  race varchar(24) not null,
  prix decimal(3) not null,
  primary key (nom,race)

);

insert into formule values
  ('peluche','York',44),
  ('standard','York',26),
  ('new look','York',39),
  ('tonte','York',39),
  ('standard','Bichon',32),
  ('new look','Bichon',42),
  ('peluche','Bichon',52),
  ('tonte','Bichon',42),
  ('epilation','Westie',57),
  ('coupe','Westie',52),
  ('tonte','Westie',44),
  ('epilation','Cocker',62),
  ('coupe','Cocker',52),
  ('tonte','Cocker',48),
  ('pantalon','Caniche',47),
  ('peluche','Caniche',52),
  ('tonte','Caniche',42),
  ('standard','Cavalier King Charles',34),
  ('coupe','Cavalier King Charles',52),
  ('tonte','Cavalier King Charles',44),
  ('epilation','Schnauzer',62),
  ('coupe','Schnauzer',52),
  ('tonte','Schnauzer',44),
  ('tonte','Spitz',42),
  ('coupe','Spitz',47),
  ('standard','Spitz',37),
  ('epilation','Teckels',47),
  ('tonte','Teckels',42),
  ('standard','Teckels',30),
  ('epilation','Jack Russel',60),
  ('tonte','Jack Russel',35),
  ('bain','Jack Russel',22),
  ('bain','Chihuahua',22),
  ('tonte','Chihuahua',35),
  ('coupe','Chihuahua',40),
  ('entretien','Berger des Pyrenees',35),
  ('tonte','Berger des Pyrenees',45),
  ('coupe','Berger des Pyrenees',55),
  ('standard','Pekinois',32),
  ('coupe','Pekinois',50),
  ('tonte','Pekinois',44),
  ('bain','Rottweiler',42),
  ('bain','Tervuren',58),
  ('bain','Berger Allemand',58),
  ('bain','Golden Retriever',53),
  ('bain','Samoyede',53),
  ('bain','Eurasier',53),
  ('bain','Basset',32),
  ('bain','Beagle',32),
  ('bain','Bulldog',32),
  ('bain','Staff',32),
  ('bain','Dogue Allemand',45),
  ('bain','Bobtail',75),
  ('bain','Briard',75),
  ('coupe','Bobtail',135),
  ('coupe','Briard',135),
  ('coupe','Terre Neuve',125),
  ('coupe','Saint Bernard',125),
  ('bain','Terre Neuve',90),
  ('bain','Saint Bernard',90)
  ;

create table client(
  nom varchar(12) not null,
  telephone char (14) not null,
  numClient int(10) not null,
  prestation date,
  raceChien varchar (12),
  primary key (numClient)
);

insert into client values
  ('Proust','06 06 06 06 06', 1654892,'2016-07-26','Caniche'),
  ('Proust','06 06 06 06 06', 1654892,'2016-09-12','Caniche'),
  ('Proust','06 06 06 06 06', 1654892,'2016-11-25','Caniche'),
  ('Proust','06 06 06 06 06', 1654892,'2017-01-21','Caniche'),
  ('Proust','06 06 06 06 06', 1654892,'2017-03-12','Caniche'),
  ('Proust','06 06 06 06 06', 1654892,'2017-05-23','Caniche'),
  ('Proust','06 06 06 06 06', 1654892,'2017-07-30','Caniche'),
  ('Proust','06 06 06 06 06', 1654892,'2017-09-21','Caniche'),
  ('Proust','06 06 06 06 06', 1654892,'2017-11-12','Caniche'),
  ('Proust','06 06 06 06 06', 1654892,'2018-01-12','Caniche'),
  ('Proust','06 06 06 06 06', 1654892,'2018-03-24','Caniche'),
  ('Proust','06 06 06 06 06', 1654892,'2018-05-14','Caniche'),
  ('Proust','06 06 06 06 06', 1654892,'2018-07-26','Caniche'),
  ('Proust','06 06 06 06 06', 1654892,'2018-09-12','Caniche'),
  ('Proust','06 06 06 06 06', 1654892,'2018-11-01','Caniche'),
  ('Renu','06 12 54 65 12',   2561015,'2015-01-25','Chihuahua'),
  ('Renu','06 12 54 65 12',   2561015,'2015-03-14','Chihuahua'),
  ('Renu','06 12 54 65 12',   2561015,'2015-05-16','Chihuahua'),
  ('Renu','06 12 54 65 12',   2561015,'2015-07-24','Chihuahua'),
  ('Renu','06 12 54 65 12',   2561015,'2015-09-18','Chihuahua'),
  ('Renu','06 12 54 65 12',   2561015,'2015-11-20','Chihuahua'),
  ('Renu','06 12 54 65 12',   2561015,'2016-01-17','Chihuahua'),
  ('Renu','06 12 54 65 12',   2561015,'2016-03-19','Chihuahua'),
  ('Renu','06 12 54 65 12',   2561015,'2016-05-29','Chihuahua'),
  ('Renu','06 12 54 65 12',   2561015,'2016-07-10','Chihuahua'),
  ('Renu','06 12 54 65 12',   2561015,'2016-09-27','Chihuahua'),
  ('Renu','06 12 54 65 12',   2561015,'2016-11-29','Chihuahua'),
  ('Renu','06 12 54 65 12',   2561015,'2017-01-21','Chihuahua'),
  ('Renu','06 12 54 65 12',   2561015,'2017-03-10','Chihuahua'),
  ('Renu','06 12 54 65 12',   2561015,'2017-05-23','Chihuahua'),
  ('Renu','06 12 54 65 12',   2561015,'2017-07-12','Chihuahua'),
  ('Renu','06 12 54 65 12',   2561015,'2017-09-22','Chihuahua'),
  ('Renu','06 12 54 65 12',   2561015,'2017-11-23','Chihuahua'),
  ('Renu','06 12 54 65 12',   2561015,'2018-01-14','Chihuahua'),
  ('Renu','06 12 54 65 12',   2561015,'2018-03-18','Chihuahua'),
  ('Renu','06 12 54 65 12',   2561015,'2018-05-30','Chihuahua'),
  ('Renu','06 12 54 65 12',   2561015,'2018-07-22','Chihuahua'),
  ('Renu','06 12 54 65 12',   2561015,'2018-09-19','Chihuahua'),
  ('Renu','06 12 54 65 12',   2561015,'2018-11-10','Chihuahua'),
  ('Longuer','06 20 48 65 23',5465413,'2015-02-26','York'),
  ('Longuer','06 20 48 65 23',5465413,'2015-04-18','York'),
  ('Longuer','06 20 48 65 23',5465413,'2015-06-25','York'),
  ('Longuer','06 20 48 65 23',5465413,'2015-08-17','York'),
  ('Longuer','06 20 48 65 23',5465413,'2015-10-25','York'),
  ('Longuer','06 20 48 65 23',5465413,'2015-12-14','York'),
  ('Longuer','06 20 48 65 23',5465413,'2016-02-20','York'),
  ('Longuer','06 20 48 65 23',5465413,'2016-04-30','York'),
  ('Longuer','06 20 48 65 23',5465413,'2016-06-17','York'),
  ('Longuer','06 20 48 65 23',5465413,'2016-08-29','York'),
  ('Longuer','06 20 48 65 23',5465413,'2016-12-10','York'),
  ('Longuer','06 20 48 65 23',5465413,'2017-02-19','York'),
  ('Longuer','06 20 48 65 23',5465413,'2017-04-25','York'),
  ('Longuer','06 20 48 65 23',5465413,'2017-06-27','York'),
  ('Longuer','06 20 48 65 23',5465413,'2017-08-10','York'),
  ('Longuer','06 20 48 65 23',5465413,'2017-10-17','York'),
  ('Longuer','06 20 48 65 23',5465413,'2017-12-04','York'),
  ('Longuer','06 20 48 65 23',5465413,'2018-02-01','York'),
  ('Longuer','06 20 48 65 23',5465413,'2018-04-05','York'),
  ('Longuer','06 20 48 65 23',5465413,'2018-06-08','York'),
  ('Longuer','06 20 48 65 23',5465413,'2018-08-30','York'),
  ('Longuer','06 20 48 65 23',5465413,'2018-10-06','York'),
  ('Bronui','06 45 95 12 23', 4654891,'2015-01-19','Pekinois'),
  ('Bronui','06 45 95 12 23', 4654891,'2015-03-14','Pekinois'),
  ('Bronui','06 45 95 12 23', 4654891,'2015-05-28','Pekinois'),
  ('Bronui','06 45 95 12 23', 4654891,'2015-07-14','Pekinois'),
  ('Bronui','06 45 95 12 23', 4654891,'2015-09-01','Pekinois'),
  ('Bronui','06 45 95 12 23', 4654891,'2015-11-26','Pekinois'),
  ('Bronui','06 45 95 12 23', 4654891,'2016-01-09','Pekinois'),
  ('Bronui','06 45 95 12 23', 4654891,'2016-03-18','Pekinois'),
  ('Bronui','06 45 95 12 23', 4654891,'2016-05-20','Pekinois'),
  ('Bronui','06 45 95 12 23', 4654891,'2016-07-12','Pekinois'),
  ('Bronui','06 45 95 12 23', 4654891,'2016-09-02','Pekinois'),
  ('Bronui','06 45 95 12 23', 4654891,'2016-11-25','Pekinois'),
  ('Bronui','06 45 95 12 23', 4654891,'2017-01-24','Pekinois'),
  ('Bronui','06 45 95 12 23', 4654891,'2017-03-10','Pekinois'),
  ('Bronui','06 45 95 12 23', 4654891,'2017-05-04','Pekinois'),
  ('Bronui','06 45 95 12 23', 4654891,'2017-07-16','Pekinois'),
  ('Bronui','06 45 95 12 23', 4654891,'2017-09-26','Pekinois'),
  ('Bronui','06 45 95 12 23', 4654891,'2017-11-07','Pekinois'),
  ('Bronui','06 45 95 12 23', 4654891,'2018-01-09','Pekinois'),
  ('Bronui','06 45 95 12 23', 4654891,'2018-03-15','Pekinois'),
  ('Bronui','06 45 95 12 23', 4654891,'2018-05-18','Pekinois'),
  ('Bronui','06 45 95 12 23', 4654891,'2018-07-30','Pekinois'),
  ('Bronui','06 45 95 12 23', 4654891,'2018-09-14','Pekinois'),
  ('Bronui','06 45 95 12 23', 4654891,'2018-11-07','Pekinois'),
  ('Bonguez','06 12 45 89 65',5412328,'2015-01-16','Bichon'),
  ('Bonguez','06 12 45 89 65',5412328,'2015-03-20','Bichon'),
  ('Bonguez','06 12 45 89 65',5412328,'2015-05-19','Bichon'),
  ('Bonguez','06 12 45 89 65',5412328,'2015-07-13','Bichon'),
  ('Bonguez','06 12 45 89 65',5412328,'2015-09-15','Bichon'),
  ('Bonguez','06 12 45 89 65',5412328,'2015-11-24','Bichon'),
  ('Bonguez','06 12 45 89 65',5412328,'2016-01-02','Bichon'),
  ('Bonguez','06 12 45 89 65',5412328,'2016-03-18','Bichon'),
  ('Bonguez','06 12 45 89 65',5412328,'2016-05-10','Bichon'),
  ('Bonguez','06 12 45 89 65',5412328,'2016-07-02','Bichon'),
  ('Bonguez','06 12 45 89 65',5412328,'2016-09-18','Bichon'),
  ('Bonguez','06 12 45 89 65',5412328,'2016-11-29','Bichon'),
  ('Bonguez','06 12 45 89 65',5412328,'2017-01-20','Bichon'),
  ('Bonguez','06 12 45 89 65',5412328,'2017-03-17','Bichon'),
  ('Bonguez','06 12 45 89 65',5412328,'2017-05-26','Bichon'),
  ('Bonguez','06 12 45 89 65',5412328,'2017-07-20','Bichon'),
  ('Bonguez','06 12 45 89 65',5412328,'2017-09-04','Bichon'),
  ('Bonguez','06 12 45 89 65',5412328,'2017-11-12','Bichon'),
  ('Bonguez','06 12 45 89 65',5412328,'2018-01-26','Bichon'),
  ('Bonguez','06 12 45 89 65',5412328,'2018-03-20','Bichon'),
  ('Bonguez','06 12 45 89 65',5412328,'2018-05-12','Bichon'),
  ('Bonguez','06 12 45 89 65',5412328,'2018-07-10','Bichon'),
  ('Bonguez','06 12 45 89 65',5412328,'2018-09-01','Bichon'),
  ('Bonguez','06 12 45 89 65',5412328,'2018-11-14','Bichon'),
  ('Rondri','06 84 65 23 45', 651321,'2015-03-20','Schnauzer'),
  ('Rondri','06 84 65 23 45', 651321,'2015-05-14','Schnauzer'),
  ('Rondri','06 84 65 23 45', 651321,'2015-07-04','Schnauzer'),
  ('Rondri','06 84 65 23 45', 651321,'2015-09-20','Schnauzer'),
  ('Rondri','06 84 65 23 45', 651321,'2015-11-29','Schnauzer'),
  ('Rondri','06 84 65 23 45', 651321,'2016-01-10','Schnauzer'),
  ('Rondri','06 84 65 23 45', 651321,'2016-03-24','Schnauzer'),
  ('Rondri','06 84 65 23 45', 651321,'2016-05-19','Schnauzer'),
  ('Rondri','06 84 65 23 45', 651321,'2016-07-30','Schnauzer'),
  ('Rondri','06 84 65 23 45', 651321,'2016-09-03','Schnauzer'),
  ('Rondri','06 84 65 23 45', 651321,'2016-11-17','Schnauzer'),
  ('Rondri','06 84 65 23 45', 651321,'2017-01-10','Schnauzer'),
  ('Rondri','06 84 65 23 45', 651321,'2017-03-11','Schnauzer'),
  ('Rondri','06 84 65 23 45', 651321,'2017-05-03','Schnauzer'),
  ('Rondri','06 84 65 23 45', 651321,'2017-07-10','Schnauzer'),
  ('Rondri','06 84 65 23 45', 651321,'2017-09-25','Schnauzer'),
  ('Rondri','06 84 65 23 45', 651321,'2017-11-20','Schnauzer'),
  ('Rondri','06 84 65 23 45', 651321,'2018-01-16','Schnauzer'),
  ('Rondri','06 84 65 23 45', 651321,'2018-03-03','Schnauzer'),
  ('Rondri','06 84 65 23 45', 651321,'2018-05-19','Schnauzer'),
  ('Rondri','06 84 65 23 45', 651321,'2018-07-11','Schnauzer'),
  ('Rondri','06 84 65 23 45', 651321,'2018-09-30','Schnauzer'),
  ('Rondri','06 84 65 23 45', 651321,'2018-11-03','Schnauzer'),
  ('Pedro','06 23 45 68 12',  456312,'2016-01-12','Berger des Pyrenees'),
  ('Pedro','06 23 45 68 12',  456312,'2016-08-21','Berger des Pyrenees'),
  ('Pedro','06 23 45 68 12',  456312,'2017-04-04','Berger des Pyrenees'),
  ('Pedro','06 23 45 68 12',  456312,'2017-12-18','Berger des Pyrenees'),
  ('Pedro','06 23 45 68 12',  456312,'2018-06-20','Berger des Pyrenees'),
  ('Suipy','06 48 52 69 23',  864123,'2015-06-20','Basset'),
  ('Suipy','06 48 52 69 23',  864123,'2015-12-20','Basset'),
  ('Suipy','06 48 52 69 23',  864123,'2016-04-12','Basset'),
  ('Suipy','06 48 52 69 23',  864123,'2016-06-20','Basset'),
  ('Suipy','06 48 52 69 23',  864123,'2016-10-03','Basset'),
  ('Suipy','06 48 52 69 23',  864123,'2017-01-21','Basset'),
  ('Suipy','06 48 52 69 23',  864123,'2017-04-09','Basset'),
  ('Suipy','06 48 52 69 23',  864123,'2017-08-15','Basset'),
  ('Suipy','06 48 52 69 23',  864123,'2017-12-07','Basset'),
  ('Suipy','06 48 52 69 23',  864123,'2018-04-18','Basset'),
  ('Suipy','06 48 52 69 23',  864123,'2018-08-13','Basset'),
  ('Kiuz','06 75 56 12 33',   546135,'2016-04-15','Cavalier King Charles'),
  ('Kiuz','06 75 56 12 33',   546135,'2016-06-19','Cavalier King Charles'),
  ('Kiuz','06 75 56 12 33',   546135,'2016-08-05','Cavalier King Charles'),
  ('Kiuz','06 75 56 12 33',   546135,'2016-10-23','Cavalier King Charles'),
  ('Kiuz','06 75 56 12 33',   546135,'2016-12-27','Cavalier King Charles'),
  ('Kiuz','06 75 56 12 33',   546135,'2017-02-13','Cavalier King Charles'),
  ('Kiuz','06 75 56 12 33',   546135,'2017-04-03','Cavalier King Charles'),
  ('Kiuz','06 75 56 12 33',   546135,'2017-06-01','Cavalier King Charles'),
  ('Kiuz','06 75 56 12 33',   546135,'2017-08-30','Cavalier King Charles'),
  ('Kiuz','06 75 56 12 33',   546135,'2017-10-13','Cavalier King Charles'),
  ('Kiuz','06 75 56 12 33',   546135,'2017-12-06','Cavalier King Charles'),
  ('Kiuz','06 75 56 12 33',   546135,'2018-02-10','Cavalier King Charles'),
  ('Kiuz','06 75 56 12 33',   546135,'2018-04-23','Cavalier King Charles'),
  ('Kiuz','06 75 56 12 33',   546135,'2018-08-13','Cavalier King Charles'),
  ('Kiuz','06 75 56 12 33',   546135,'2018-10-05','Cavalier King Charles'),
  ('Fuid','06 56 32 45 89',   867453,'2017-03-20','Westie'),
  ('Fuid','06 56 32 45 89',   867453,'2017-07-04','Westie'),
  ('Fuid','06 56 32 45 89',   867453,'2017-11-28','Westie'),
  ('Fuid','06 56 32 45 89',   867453,'2018-01-23','Westie'),
  ('Fuid','06 56 32 45 89',   867453,'2018-03-01','Westie'),
  ('Fuid','06 56 32 45 89',   867453,'2018-09-26','Westie'),
  ('Luido','06 45 32 93 40',  486985,'2015-07-06','York'),
  ('Luido','06 45 32 93 40',  486985,'2015-09-10','York'),
  ('Luido','06 45 32 93 40',  486985,'2015-11-23','York'),
  ('Luido','06 45 32 93 40',  486985,'2016-01-05','York'),
  ('Luido','06 45 32 93 40',  486985,'2016-03-16','York'),
  ('Luido','06 45 32 93 40',  486985,'2016-05-08','York'),
  ('Luido','06 45 32 93 40',  486985,'2016-07-23','York'),
  ('Luido','06 45 32 93 40',  486985,'2016-09-15','York'),
  ('Luido','06 45 32 93 40',  486985,'2016-11-16','York'),
  ('Luido','06 45 32 93 40',  486985,'2017-03-23','York'),
  ('Luido','06 45 32 93 40',  486985,'2017-05-15','York'),
  ('Luido','06 45 32 93 40',  486985,'2017-07-02','York'),
  ('Luido','06 45 32 93 40',  486985,'2017-09-23','York'),
  ('Luido','06 45 32 93 40',  486985,'2017-11-16','York'),
  ('Luido','06 45 32 93 40',  486985,'2018-01-21','York'),
  ('Luido','06 45 32 93 40',  486985,'2018-03-01','York'),
  ('Luido','06 45 32 93 40',  486985,'2018-05-20','York'),
  ('Luido','06 45 32 93 40',  486985,'2018-07-11','York'),
  ('Luido','06 45 32 93 40',  486985,'2018-09-10','York'),
  ('Luido','06 45 32 93 40',  486985,'2018-11-18','York'),
  ('Nator','06 69 95 35 17',  546385,'2015-03-14','Chihuahua'),
  ('Nator','06 69 95 35 17',  546385,'2015-05-10','Chihuahua'),
  ('Nator','06 69 95 35 17',  546385,'2015-07-03','Chihuahua'),
  ('Nator','06 69 95 35 17',  546385,'2015-09-19','Chihuahua'),
  ('Nator','06 69 95 35 17',  546385,'2015-11-10','Chihuahua'),
  ('Nator','06 69 95 35 17',  546385,'2016-01-03','Chihuahua'),
  ('Nator','06 69 95 35 17',  546385,'2016-03-16','Chihuahua'),
  ('Nator','06 69 95 35 17',  546385,'2016-05-29','Chihuahua'),
  ('Nator','06 69 95 35 17',  546385,'2016-07-03','Chihuahua'),
  ('Nator','06 69 95 35 17',  546385,'2016-09-18','Chihuahua'),
  ('Nator','06 69 95 35 17',  546385,'2016-11-07','Chihuahua'),
  ('Nator','06 69 95 35 17',  546385,'2017-01-29','Chihuahua'),
  ('Nator','06 69 95 35 17',  546385,'2017-03-26','Chihuahua'),
  ('Nator','06 69 95 35 17',  546385,'2017-05-03','Chihuahua'),
  ('Nator','06 69 95 35 17',  546385,'2017-07-18','Chihuahua'),
  ('Nator','06 69 95 35 17',  546385,'2017-09-01','Chihuahua'),
  ('Nator','06 69 95 35 17',  546385,'2017-11-27','Chihuahua'),
  ('Nator','06 69 95 35 17',  546385,'2018-01-23','Chihuahua'),
  ('Nator','06 69 95 35 17',  546385,'2018-03-30','Chihuahua'),
  ('Nator','06 69 95 35 17',  546385,'2018-05-27','Chihuahua'),
  ('Nator','06 69 95 35 17',  546385,'2018-07-13','Chihuahua'),
  ('Nator','06 69 95 35 17',  546385,'2018-09-10','Chihuahua'),
  ('Nator','06 69 95 35 17',  546385,'2018-11-06','Chihuahua'),
  ('Quene','06 45 82 20 90',  575435,'2015-12-01','Rottweiler'),
  ('Quene','06 45 82 20 90',  575435,'2016-07-20','Rottweiler'),
  ('Quene','06 45 82 20 90',  575435,'2016-09-10','Rottweiler'),
  ('Quene','06 45 82 20 90',  575435,'2017-04-30','Rottweiler'),
  ('Quene','06 45 82 20 90',  575435,'2017-09-14','Rottweiler'),
  ('Quene','06 45 82 20 90',  575435,'2018-05-10','Rottweiler'),
  ('Quene','06 45 82 20 90',  575435,'2018-10-22','Rottweiler'),
  ('Mzanu','06 85 61 31 56',  886886,'2015-01-14','Cocker'),
  ('Mzanu','06 85 61 31 56',  886886,'2015-03-28','Cocker'),
  ('Mzanu','06 85 61 31 56',  886886,'2015-05-30','Cocker'),
  ('Mzanu','06 85 61 31 56',  886886,'2015-08-27','Cocker'),
  ('Mzanu','06 85 61 31 56',  886886,'2015-11-23','Cocker'),
  ('Mzanu','06 85 61 31 56',  886886,'2016-01-29','Cocker'),
  ('Mzanu','06 85 61 31 56',  886886,'2016-03-03','Cocker'),
  ('Mzanu','06 85 61 31 56',  886886,'2016-05-30','Cocker'),
  ('Mzanu','06 85 61 31 56',  886886,'2016-07-13','Cocker'),
  ('Mzanu','06 85 61 31 56',  886886,'2016-09-17','Cocker'),
  ('Mzanu','06 85 61 31 56',  886886,'2016-11-01','Cocker'),
  ('Mzanu','06 85 61 31 56',  886886,'2017-01-12','Cocker'),
  ('Mzanu','06 85 61 31 56',  886886,'2017-03-23','Cocker'),
  ('Mzanu','06 85 61 31 56',  886886,'2017-05-01','Cocker'),
  ('Mzanu','06 85 61 31 56',  886886,'2017-07-16','Cocker'),
  ('Mzanu','06 85 61 31 56',  886886,'2017-09-23','Cocker'),
  ('Mzanu','06 85 61 31 56',  886886,'2017-11-30','Cocker'),
  ('Mzanu','06 85 61 31 56',  886886,'2018-02-13','Cocker'),
  ('Mzanu','06 85 61 31 56',  886886,'2018-05-14','Cocker'),
  ('Mzanu','06 85 61 31 56',  886886,'2018-07-29','Cocker'),
  ('Mzanu','06 85 61 31 56',  886886,'2018-10-11','Cocker'),
  ('Tacy','06 45 62 33 01',   147341,'2016-05-30','Caniche'),
  ('Tacy','06 45 62 33 01',   147341,'2016-07-10','Caniche'),
  ('Tacy','06 45 62 33 01',   147341,'2016-09-07','Caniche'),
  ('Tacy','06 45 62 33 01',   147341,'2016-11-17','Caniche'),
  ('Tacy','06 45 62 33 01',   147341,'2017-01-10','Caniche'),
  ('Tacy','06 45 62 33 01',   147341,'2017-03-17','Caniche'),
  ('Tacy','06 45 62 33 01',   147341,'2017-05-20','Caniche'),
  ('Tacy','06 45 62 33 01',   147341,'2017-07-03','Caniche'),
  ('Tacy','06 45 62 33 01',   147341,'2017-09-22','Caniche'),
  ('Tacy','06 45 62 33 01',   147341,'2017-11-23','Caniche'),
  ('Tacy','06 45 62 33 01',   147341,'2018-02-10','Caniche'),
  ('Tacy','06 45 62 33 01',   147341,'2018-04-17','Caniche'),
  ('Tacy','06 45 62 33 01',   147341,'2018-07-23','Caniche'),
  ('Tacy','06 45 62 33 01',   147341,'2018-09-14','Caniche'),
  ('Tacy','06 45 62 33 01',   147341,'2018-11-20','Caniche'),
  ('Muy','06 99 22 33 07',    645664,'2015-11-22','York'),
  ('Muy','06 99 22 33 07',    645664,'2016-01-17','York'),
  ('Muy','06 99 22 33 07',    645664,'2016-03-12','York'),
  ('Muy','06 99 22 33 07',    645664,'2016-05-15','York'),
  ('Muy','06 99 22 33 07',    645664,'2016-07-02','York'),
  ('Muy','06 99 22 33 07',    645664,'2016-09-10','York'),
  ('Muy','06 99 22 33 07',    645664,'2016-11-16','York'),
  ('Muy','06 99 22 33 07',    645664,'2017-01-09','York'),
  ('Muy','06 99 22 33 07',    645664,'2017-03-06','York'),
  ('Muy','06 99 22 33 07',    645664,'2017-05-02','York'),
  ('Muy','06 99 22 33 07',    645664,'2017-07-30','York'),
  ('Muy','06 99 22 33 07',    645664,'2017-09-18','York'),
  ('Muy','06 99 22 33 07',    645664,'2017-11-24','York'),
  ('Muy','06 99 22 33 07',    645664,'2017-12-20','York'),
  ('Muy','06 99 22 33 07',    645664,'2018-02-27','York'),
  ('Muy','06 99 22 33 07',    645664,'2018-04-13','York'),
  ('Muy','06 99 22 33 07',    645664,'2018-06-17','York'),
  ('Muy','06 99 22 33 07',    645664,'2018-09-04','York'),
  ('Muy','06 99 22 33 07',    645664,'2018-11-14','York'),
  ('Kyua','06 78 92 66 23',   654789,'2016-07-17','Terre Neuve'),
  ('Kyua','06 78 92 66 23',   654789,'2017-07-07','Terre Neuve'),
  ('Kyua','06 78 92 66 23',   654789,'2018-07-23','Terre Neuve'),
  ('Romaw','06 78 55 31 55',  7978960,'2015-01-04','Chihuahua'),
  ('Romaw','06 78 55 31 55',  7978960,'2015-03-07','Chihuahua'),
  ('Romaw','06 78 55 31 55',  7978960,'2015-05-08','Chihuahua'),
  ('Romaw','06 78 55 31 55',  7978960,'2015-07-17','Chihuahua'),
  ('Romaw','06 78 55 31 55',  7978960,'2015-09-26','Chihuahua'),
  ('Romaw','06 78 55 31 55',  7978960,'2015-11-23','Chihuahua'),
  ('Romaw','06 78 55 31 55',  7978960,'2016-01-07','Chihuahua'),
  ('Romaw','06 78 55 31 55',  7978960,'2016-03-30','Chihuahua'),
  ('Romaw','06 78 55 31 55',  7978960,'2016-05-27','Chihuahua'),
  ('Romaw','06 78 55 31 55',  7978960,'2016-07-14','Chihuahua'),
  ('Romaw','06 78 55 31 55',  7978960,'2016-09-20','Chihuahua'),
  ('Romaw','06 78 55 31 55',  7978960,'2016-10-01','Chihuahua'),
  ('Romaw','06 78 55 31 55',  7978960,'2017-02-09','Chihuahua'),
  ('Romaw','06 78 55 31 55',  7978960,'2017-04-17','Chihuahua'),
  ('Romaw','06 78 55 31 55',  7978960,'2017-06-14','Chihuahua'),
  ('Romaw','06 78 55 31 55',  7978960,'2017-08-23','Chihuahua'),
  ('Romaw','06 78 55 31 55',  7978960,'2017-10-05','Chihuahua'),
  ('Romaw','06 78 55 31 55',  7978960,'2017-12-17','Chihuahua'),
  ('Romaw','06 78 55 31 55',  7978960,'2018-02-13','Chihuahua'),
  ('Romaw','06 78 55 31 55',  7978960,'2018-04-29','Chihuahua'),
  ('Romaw','06 78 55 31 55',  7978960,'2018-06-13','Chihuahua'),
  ('Romaw','06 78 55 31 55',  7978960,'2018-08-29','Chihuahua'),
  ('Romaw','06 78 55 31 55',  7978960,'2018-10-11','Chihuahua'),
  ('Hona','06 45 68 98 12',   165468,'2016-09-17','Cocker'),
  ('Hona','06 45 68 98 12',   165468,'2016-11-29','Cocker'),
  ('Hona','06 45 68 98 12',   165468,'2017-01-13','Cocker'),
  ('Hona','06 45 68 98 12',   165468,'2017-03-30','Cocker'),
  ('Hona','06 45 68 98 12',   165468,'2017-05-17','Cocker'),
  ('Hona','06 45 68 98 12',   165468,'2017-07-02','Cocker'),
  ('Hona','06 45 68 98 12',   165468,'2017-09-18','Cocker'),
  ('Hona','06 45 68 98 12',   165468,'2017-11-02','Cocker'),
  ('Hona','06 45 68 98 12',   165468,'2018-01-30','Cocker'),
  ('Hona','06 45 68 98 12',   165468,'2018-03-27','Cocker'),
  ('Hona','06 45 68 98 12',   165468,'2018-05-21','Cocker'),
  ('Hona','06 45 68 98 12',   165468,'2018-07-23','Cocker'),
  ('Hona','06 45 68 98 12',   165468,'2018-11-21','Cocker'),
  ('Ruy','06 90 56 48 21',    4654891,'2015-05-28','Pekinois'),
  ('Ruy','06 90 56 48 21',    4654891,'2015-07-14','Pekinois'),
  ('Ruy','06 90 56 48 21',    4654891,'2015-09-01','Pekinois'),
  ('Ruy','06 90 56 48 21',    4654891,'2015-11-26','Pekinois'),
  ('Ruy','06 90 56 48 21',    4654891,'2016-01-09','Pekinois'),
  ('Ruy','06 90 56 48 21',    4654891,'2016-03-18','Pekinois'),
  ('Ruy','06 90 56 48 21',    4654891,'2016-05-20','Pekinois'),
  ('Ruy','06 90 56 48 21',    4654891,'2016-07-12','Pekinois'),
  ('Ruy','06 90 56 48 21',    4654891,'2016-09-02','Pekinois'),
  ('Ruy','06 90 56 48 21',    4654891,'2016-11-25','Pekinois'),
  ('Ruy','06 90 56 48 21',    4654891,'2017-01-24','Pekinois'),
  ('Ruy','06 90 56 48 21',    4654891,'2017-03-10','Pekinois'),
  ('Ruy','06 90 56 48 21',    4654891,'2017-05-04','Pekinois'),
  ('Ruy','06 90 56 48 21',    4654891,'2017-07-16','Pekinois'),
  ('Ruy','06 90 56 48 21',    4654891,'2017-09-26','Pekinois'),
  ('Ruy','06 90 56 48 21',    4654891,'2017-11-07','Pekinois'),
  ('Ruy','06 90 56 48 21',    4654891,'2018-01-09','Pekinois'),
  ('Ruy','06 90 56 48 21',    4654891,'2018-03-15','Pekinois'),
  ('Ruy','06 90 56 48 21',    4654891,'2018-05-18','Pekinois'),
  ('Ruy','06 90 56 48 21',    4654891,'2018-07-30','Pekinois'),
  ('Ruy','06 90 56 48 21',    4654891,'2018-09-14','Pekinois'),
  ('Ruy','06 90 56 48 21',    4654891,'2018-11-07','Pekinois'),



create table produit(
  designation decimal(24) primary key,
  categorie varchar(24) not null,
  PrixAchatHT decimal (3) not null,
  PrixVenteTTC decimal(3) not null
);

insert into produit values
  (654362323,'laisse',12,21),
  (645655121,'laisse',17,32),
  (456556531,'laisse',10,22),
  (456561233,'laisse',6,11),
  (684645612,'laisse',14,23),
  (651656851,'laisse',20,27),
  (645156132,'laisse',9,18),
  (465466631,'laisse',11,24),
  (546464841,'laisse',8,22),
  (564646264,'laisse',14,29),
  (687687665,'laisse',12,27),
  (564645891,'laisse',14,30),
  (788597486,'laisse',7,17),
  (456465412,'laisse',10,18),
  (464646134,'laisse',11,27),
  (484566643,'brosse',10,15),
  (684567465,'brosse',4,10),
  (456456454,'brosse',7,15),
  (654465651,'brosse',8,19),
  (564456156,'brosse',10,25),
  (454544132,'harnais',12,19),
  (155226145,'harnais',10,17),
  (489421356,'harnais',14,28),
  (412354744,'harnais',17,33),
  (474541314,'harnais',12,19),
  (774589844,'harnais',11,18),
  (566089697,'harnais',17,28),
  (684643965,'harnais',22,45),
  (857757998,'harnais',8,15),
  (684468974,'harnais',19,38),
  (654465998,'harnais',13,28),
  (774544644,'harnais',11,18),
  (656456645,'harnais',10,30),
  (688465664,'harnais',17,34),
  (864684968,'harnais',10,22),
  (654646066,'harnais',14,36),
  (575667063,'harnais',11,28),
  (654640366,'flexi',15,28),
  (557753099,'flexi',14,30),
  (577576259,'flexi',11,27),
  (745676456,'flexi',7,15),
  (688692684,'flexi',4,13),
  (565776956,'flexi',14,26),
  (577565757,'flexi',17,36),
  (654641606,'flexi',15,28),
  (688606413,'flexi',12,27),
  (578701655,'flexi',19,32),
  (688661282,'panier',20,48),
  (575772512,'panier',40,70),
  (454536544,'panier',12,58),
  (545419231,'panier',20,37),
  (454664413,'panier',29,60),
  (654831325,'panier',36,69),
  (849814654,'panier',39,64),
  (564165132,'panier',10,25),
  (654261325,'panier',18,29),
  (654486123,'panier',7,18),
  (654616532,'panier',17,25),
  (562411461,'panier',18,33),
  (546041321,'panier',26,37),
  (456504646,'panier',8,14),
  (456780410,'blouson',40,78),
  (564605741,'blouson',60,98),
  (564103156,'blouson',34,67),
  (545301348,'blouson',58,84),
  (541601321,'blouson',49,74),
  (456605421,'blouson',28,61),
  (684806432,'blouson',49,89),
  (545650642,'blouson',60,99),
  (564610231,'blouson',50,87),
  (546460241,'blouson',68,107),
  (546460213,'blouson',38,68),
  (654612315,'blouson',47,73),
  (456780410,'blouson',37,59),
  (456784010,'colier',40,78),
  (984564101,'colier',17,37),
  (564651612,'colier',27,57),
  (547795433,'colier',27,48),
  (564646131,'colier',10,20),
  (564564566,'colier',10,28),
  (546548749,'colier',19,35),
  (544687865,'colier',4,12),
  (546513459,'colier',17,28),
  (654843158,'colier',10,19),
  (684544131,'colier',17,28),
  (454694984,'colier',28,35),
  (746781321,'colier',20,37),
  (548431321,'colier',16,29),
  (643213847,'colier',7,19),
  (984651432,'museliere',8,17),
  (654613211,'museliere',10,19),
  (846131881,'museliere',7,15),
  (564164321,'museliere',5,13),
  (493213645,'museliere',9,18),
  (513215648,'museliere',4,12),
  (561321562,'museliere',7,19),
  (456414231,'jouets',9,12),
  (651561614,'jouets',10,15),
  (684321300,'jouets',7,11),
  (543213543,'jouets',4,8),
  (164615742,'jouets',5,9),
  (651431218,'jouets',11,17),
  (165324231,'jouets',9,12),
  (584302161,'jouets',12,19),
  (566051059,'jouets',14,21),
  (561461321,'jouets',15,25),
  (654321563,'jouets',6,11),
  (561321446,'jouets',9,17),
  (651321785,'jouets',12,19),
  (456132156,'jouets',9,12);


create table emplacement(
  couloir varchar(12) not null,
  etagere varchar(21) not null,
  position decimal(12) primary key,
);

insert into emplacement values
  ('couloir1','etagere du haut',    1),
  ('couloir1','etagere du haut',    2),
  ('couloir1','etagere du haut',    3),
  ('couloir1','etagere du haut',    4),
  ('couloir1','etagere du haut',    5),
  ('couloir1','etagere du haut',    6),
  ('couloir1','etagere du milieu',  7),
  ('couloir1','etagere du milieu',  8),
  ('couloir1','etagere du milieu',  9),
  ('couloir1','etagere du milieu',  10),
  ('couloir1','etagere du bas',     11),
  ('couloir1','etagere du bas',     12),
  ('couloir1','etagere du bas',     13),
  ('couloir2','etagere du haut',    14),
  ('couloir2','etagere du haut',    15),
  ('couloir2','etagere du haut',    16),
  ('couloir2','etagere du haut',    17),
  ('couloir2','etagere du milieu',  18),
  ('couloir2','etagere du milieu',  19),
  ('couloir2','etagere du milieu',  20),
  ('couloir2','etagere du milieu',  21),
  ('couloir2','etagere du bas',     22),
  ('couloir2','etagere du bas',     23),
  ('couloir2','etagere du bas',     24),
  ('couloir3','etagere du haut',    25),
  ('couloir3','etagere du haut',    26),
  ('couloir3','etagere du haut',    27),
  ('couloir3','etagere du milieu',  28),
  ('couloir3','etagere du milieu',  29),
  ('couloir3','etagere du milieu',  30),
  ('couloir3','etagere du milieu',  31),
  ('couloir3','etagere du bas',     32),
  ('couloir3','etagere du bas',     33),
  ('couloir3','etagere du bas',     34),
  ('couloir4','etagere du haut',    35),
  ('couloir4','etagere du haut',    36),
  ('couloir4','etagere du haut',    37),
  ('couloir4','etagere du milieu',  38),
  ('couloir4','etagere du milieu',  39),
  ('couloir4','etagere du milieu',  40),
  ('couloir4','etagere du milieu',  41),
  ('couloir4','etagere du bas',     42),
  ('couloir4','etagere du bas',     43),
  ('couloir4','etagere du bas',     44),
  ('couloir5','etagere du haut',    45),
  ('couloir5','etagere du haut',    46),
  ('couloir5','etagere du haut',    47),
  ('couloir5','etagere du milieu',  48),
  ('couloir5','etagere du milieu',  49),
  ('couloir5','etagere du milieu',  50),
  ('couloir5','etagere du milieu',  51),
  ('couloir5','etagere du bas',     52),
  ('couloir5','etagere du bas',     53),
  ('couloir5','etagere du bas',     54),
  ('couloir6','etagere du haut',    55),
  ('couloir6','etagere du haut',    56),
  ('couloir6','etagere du haut',    57),
  ('couloir6','etagere du milieu',  58),
  ('couloir6','etagere du milieu',  59),
  ('couloir6','etagere du milieu',  60),
  ('couloir6','etagere du milieu',  61),
  ('couloir6','etagere du bas',     62),
  ('couloir6','etagere du bas',     63),
  ('couloir6','etagere du bas',     64),
  ('couloir7','etagere du haut',    65),
  ('couloir7','etagere du haut',    66),
  ('couloir7','etagere du haut',    67),
  ('couloir7','etagere du milieu',  68),
  ('couloir7','etagere du milieu',  69),
  ('couloir7','etagere du milieu',  70),
  ('couloir7','etagere du milieu',  71),
  ('couloir7','etagere du bas',     72),
  ('couloir7','etagere du bas',     73),
  ('couloir7','etagere du bas' ,    74),
  ('couloir8','etagere du haut',    75),
  ('couloir8','etagere du haut',    76),
  ('couloir8','etagere du haut',    77),
  ('couloir8','etagere du milieu',  78),
  ('couloir8','etagere du milieu',  79),
  ('couloir8','etagere du milieu',  80),
  ('couloir8','etagere du milieu',  81),
  ('couloir8','etagere du bas',     82),
  ('couloir8','etagere du bas',     83),
  ('couloir8','etagere du bas',     84),
  ('couloir9','etagere du haut',    85),
  ('couloir9','etagere du haut',    86),
  ('couloir9','etagere du haut',    87),
  ('couloir9','etagere du milieu',  88),
  ('couloir9','etagere du milieu',  89),
  ('couloir9','etagere du milieu',  90),
  ('couloir9','etagere du milieu',  91),
  ('couloir9','etagere du bas',     92),
  ('couloir9','etagere du bas',     93),
  ('couloir9','etagere du bas',     94),
  ('couloir10','etagere du haut',   95),
  ('couloir10','etagere du haut',   96),
  ('couloir10','etagere du haut',   97),
  ('couloir10','etagere du milieu', 98),
  ('couloir10','etagere du milieu', 99),
  ('couloir10','etagere du milieu', 100),
  ('couloir10','etagere du milieu', 101),
  ('couloir10','etagere du bas',    102),
  ('couloir10','etagere du bas',    103),
  ('couloir10','etagere du bas',    104),
  ('couloir11','etagere du haut',   105),
  ('couloir11','etagere du haut',   106),
  ('couloir11','etagere du haut',   107),
  ('couloir11','etagere du milieu', 108),
  ('couloir11','etagere du milieu', 109),
  ('couloir11','etagere du milieu', 110),
  ('couloir11','etagere du milieu', 111),
  ('couloir11','etagere du bas',    112),
  ('couloir11','etagere du bas',    113),
  ('couloir11','etagere du bas',    114);

create table contient(
  designation decimal (24),
  idCommande decimal (24),
  quantiteProduit decimal (10) not null,
  primary key (designation, idCommande),
  foreign key (designation) references produit (designation) on delete cascade on update cascade,
  foreign key (idCommande) references commande (idCommande) on delete cascade on update cascade
);

insert into contient values
(123500697,654362323,35),
(147000852,645655121,23),
(156048943,456556531,13),
(350074198,456561233,35),
(780901026,684645612,18),
(450650064,651656851,48),
(150104018,645156132,15),
(654070486,465466631,38),
(480946651,546464841,28),
(489010233,564646264,45),
(840904351,687687665,14),
(654113633,564645891,26),
(262506523,788597486,35),
(798103465,456465412,25),
(645506126,464646134,24),
(645561328,484566643,24),
(564506532,684567465,26),
(645108643,456456454,23),
(101001516,654465651,17),
(123105064,564456156,36),
(965040105,454544132,24),
(150060489,155226145,29),
(650401235,489421356,23),
(150601068,412354744,36),
(362054015,474541314,31),
(156220654,774589844,30),
(540236445,566089697,34),
(789003456,684643965,37),
(873240894,857757998,14),
(780239165,684468974,16),
(168723046,654465998,31),
(502030156,774544644,36),
(645135646,656456645,28),
(360501516,688465664,24),
(651321389,864684968,26),
(265151031,654646066,26),
(203025651,575667063,36),
(451304560,654640366,30),
(132300156,557753099,24),
(150631000,577576259,17),
(133250015,745676456,26),
(202012356,688692684,21),
(251035606,565776956,23),
(201005105,577565757,12),
(201356116,654641606,10),
(510056454,688606413,19),
(840106143,578701655,17),
(130054654,688661282,26),
(123010123,575772512,23),
(120602565,454536544,23),
(843224156,545419231,21),
(456102561,454664413,23),
(120300456,654831325,14),
(150640464,849814654,26),
(456430789,564165132,23),
(123500697,654261325,20),
(147000852,654486123,14),
(156048943,654616532,13),
(350074198,562411461,10),
(780901026,546041321,27),
(450650064,456504646,23),
(150104018,456780410,23),
(654070486,564605741,28),
(480946651,564103156,20),
(489010233,545301348,19),
(840904351,541601321,36),
(654113633,456605421,26),
(262506523,684806432,37),
(798103465,545650642,34),
(645506126,564610231,17),
(645561328,546460241,26),
(564506532,546460213,19),
(645108643,654612315,26),
(101001516,456780410,35),
(123105064,456784010,24),
(965040105,984564101,17),
(150060489,564651612,34),
(650401235,547795433,15),
(150601068,564646131,24),
(362054015,564564566,13),
(156220654,546548749,23),
(540236445,544687865,21),
(789003456,546513459,17),
(873240894,654843158,14),
(780239165,684544131,26),
(168723046,454694984,26),
(502030156,746781321,23),
(645135646,548431321,21),
(360501516,643213847,26),
(651321389,984651432,29),
(265151031,654613211,27),
(203025651,846131881,23),
(451304560,564164321,36),
(132300156,493213645,39),
(150631000,513215648,30),
(133250015,561321562,31),
(202012356,456414231,24),
(251035606,651561614,27),
(201005105,684321300,26),
(201356116,543213543,36),
(510056454,164615742,21),
(840106143,651431218,12),
(130054654,165324231,10),
(123010123,584302161,18),
(120602565,566051059,24),
(843224156,561461321,23),
(456102561,654321563,23),
(120300456,561321446,20),
(150640464,651321785,18),
(456430789,456132156,19);

create table possede(
  designation decimal (24),
  position decimal (24),
  quantite decimal (12) not null,
  primary key (designation, position),
  foreign key (designation) references produit (designation) on delete cascade on update cascade,
  foreign key (position) references emplacement (position) on delete cascade on update cascade
);

insert into possede values
(654362323,1,5),
(645655121,2,5),
(456556531,3,5),
(456561233,4,5),
(684645612,5,5),
(651656851,6,5),
(645156132,7,5),
(465466631,8,5),
(546464841,9,5),
(564646264,10,5),
(687687665,11,5),
(564645891,12,5),
(788597486,13,5),
(456465412,14,5),
(464646134,15,5),
(484566643,16,5),
(684567465,17,5),
(456456454,18,5),
(654465651,19,5),
(564456156,20,5),
(454544132,21,5),
(155226145,22,5),
(489421356,23,5),
(412354744,24,5),
(474541314,25,5),
(774589844,26,5),
(566089697,27,5),
(684643965,28,5),
(857757998,29,5),
(684468974,30,5),
(654465998,31,5),
(774544644,32,5),
(656456645,33,5),
(688465664,34,5),
(864684968,35,5),
(654646066,36,5),
(575667063,37,5),
(654640366,38,5),
(557753099,39,5),
(577576259,40,5),
(745676456,41,5),
(688692684,42,5),
(565776956,43,5),
(577565757,44,5),
(654641606,45,5),
(688606413,46,5),
(578701655,47,5),
(688661282,48,5),
(575772512,49,5),
(454536544,50,5),
(545419231,51,5),
(454664413,52,5),
(654831325,53,5),
(849814654,54,5),
(564165132,55,5),
(654261325,56,5),
(654486123,57,5),
(654616532,58,5),
(562411461,59,5),
(546041321,60,5),
(456504646,61,5),
(456780410,62,5),
(564605741,63,5),
(564103156,64,5),
(545301348,65,5),
(541601321,66,5),
(456605421,67,5),
(684806432,68,5),
(545650642,69,5),
(564610231,70,5),
(546460241,71,5),
(546460213,72,5),
(654612315,73,5),
(456780410,74,5),
(456784010,75,5),
(984564101,76,5),
(564651612,77,5),
(547795433,78,5),
(564646131,79,5),
(564564566,80,5),
(546548749,81,5),
(544687865,82,5),
(546513459,83,5),
(654843158,84,5),
(684544131,85,5),
(454694984,86,5),
(746781321,87,5),
(548431321,88,5),
(643213847,89,5),
(984651432,90,5),
(654613211,91,5),
(846131881,92,5),
(564164321,93,5),
(493213645,94,5),
(513215648,95,5),
(561321562,96,5),
(456414231,97,5),
(651561614,98,5),
(684321300,99,5),
(543213543,100,5),
(164615742,101,5),
(651431218,102,5),
(165324231,103,5),
(584302161,104,5),
(566051059,105,5),
(561461321,106,5),
(654321563,107,5),
(561321446,108,5),
(651321785,109,5),
(456132156,110,5);

create table achete(
  numClient int(10) not null,
  designation decimal (24) not null,
  dateVente date,
  primary key (numClient,designation, dateVente),
  foreign key (numClient) references client (numClient) on delete cascade on update cascade,
  foreign key (designation) references produit (designation) on delete cascade on update cascade
);

insert into achete values
    (1654892,684468974,'2015-05-11'),
    (2561015,546460241,'2015-09-04'),
    (5465413,454694984,'2015-11-29'),
    (5412328,584302161,'2016-01-22'),
    (5412328,454536544,'2018-04-20'),
    (456312,561321562),'2017-03-14',
    (864123,654831325,'2016-09-21'),
    (486985,774589844,'2018-07-16'),
    (546385,564103156,'2017-06-30'),
    (886886,456456454,'2018-02-20'),
    (147341,645655121,'2018-12-17'),
    (7978960,454544132,'2015-11-28'),
    (7978960,454544132,'2016-05-17'),
    (651321,456504646,'2017-07-28'),
    (165468,688692684,'2017-02-16'),
    (4654891,654843158,'2018-08-29'),
    (4654891,165324231,'2018-11-10');

create table passe(
  siret varchar (24) not null,
  idCommande decimal (12) not null,
  primary key (siret, idCommande),
  foreign key (siret) references magasins (siret) on delete cascade on update cascade,
  foreign key (idCommande) references commande (idCommande) on delete cascade on update cascade
);

insert into passe values
  (132456,123500697),
  (132456,147000852),
  (132456,156048943),
  (132456,350074198),
  (132456,780901026),
  (132456,450650064),
  (132456,150104018),
  (132456,654070486),
  (132456,480946651),
  (132456,489010233),
  (132456,840904351),
  (132456,654113633),
  (132456,262506523),
  (132456,798103465),
  (132456,645506126),
  (132456,645561328),
  (132456,564506532),
  (132456,645108643),
  (132456,101001516),
  (132456,123105064),
  (132456,965040105),
  (132456,150060489),
  (132456,650401235),
  (132456,150601068),
  (132456,362054015),
  (132456,156220654),
  (132456,540236445),
  (132456,789003456),
  (132456,873240894),
  (132456,780239165),
  (132456,168723046),
  (132456,502030156),
  (132456,645135646),
  (132456,360501516),
  (132456,651321389),
  (132456,265151031),
  (132456,203025651),
  (132456,451304560),
  (132456,132300156),
  (132456,150631000),
  (132456,133250015),
  (132456,202012356),
  (132456,251035606),
  (132456,201005105),
  (132456,201356116),
  (132456,510056454),
  (132456,840106143),
  (132456,130054654),
  (132456,123010123),
  (132456,120602565),
  (132456,843224156),
  (132456,456102561)
  (132456,120300456),
  (132456,150640464),
  (132456,456430789);

create table assoProprietaireMagagsin(
  siret decimal (24) not null,
  idProprietaire decimal (24) not null,
  primary key (siret, idProprietaire),
  foreign key (siret) references magasins (siret) on delete cascade on update on cascade,
  foreign key (idProprietaire) references proprietaire (idProprietaire) on delete cascade on update cascade
);

insert into assoProprietaireMagagsin values
  (12345,132456);


create table vend(
  siret  decimal (12) not null,
  nom varchar (15) not null,
  race varchar (24) not null,
  primary key (siret,nom,race),
  foreign key (siret) references magasins (siret) on delete cascade on update on cascade,
  foreign key (nom) references formule (nom) on delete cascade on update on cascade,
  foreign key (race) references formule (race) on delete cascade on update on cascade
);

insert into vend values
(132456,'standard','York'),
(132456,'new look','York'),
(132456,'peluche','York'),
(132456,'tonte','York'),
(132456,'standard','Bichon'),
(132456,'new look','Bichon'),
(132456,'peluche','Bichon'),
(132456,'tonte','Bichon'),
(132456,'epilation','Westie'),
(132456,'coupe','Westie'),
(132456,'tonte','Westie'),
(132456,'epilation','Cocker'),
(132456,'coupe','Cocker'),
(132456,'tonte','Cocker'),
(132456,'pantalon','Caniche'),
(132456,'peluche','Caniche'),
(132456,'tonte','Caniche'),
(132456,'standard','Cavalier King Charles'),
(132456,'coupe','Cavalier King Charles'),
(132456,'tonte','Cavalier King Charles'),
(132456,'epilation','Schnauzer'),
(132456,'coupe','Schnauzer'),
(132456,'tonte','Schnauzer'),
(132456,'tonte','Spitz'),
(132456,'coupe','Spitz'),
(132456,'standard','Spitz'),
(132456,'epilation','Teckels'),
(132456,'tonte','Teckels'),
(132456,'standard','Teckels'),
(132456,'epilation','Jack Russel'),
(132456,'tonte','Jack Russel'),
(132456,'bain','Jack Russel'),
(132456,'bain','Chihuahua'),
(132456,'tonte','Chihuahua'),
(132456,'coupe','Chihuahua'),
(132456,'entretien','Berger des Pyrenees'),
(132456,'tonte','Berger des Pyrenees'),
(132456,'coupe','Berger des Pyrenees'),
(132456,'standard','Pekinois'),
(132456,'coupe','Pekinois'),
(132456,'tonte','Pekinois'),
(132456,'bain','Rottweiler'),
(132456,'bain','Tervuren'),
(132456,'bain','Berger Allemand'),
(132456,'bain','Golden Retriever'),
(132456,'bain','Samoyede'),
(132456,'bain','Eurasier'),
(132456,'bain','Basset'),
(132456,'bain','Beagle'),
(132456,'bain','Bulldog'),
(132456,'bain','Staff'),
(132456,'bain','Dogue Allemand'),
(132456,'bain','Bobtail'),
(132456,'bain','Briard'),
(132456,'coupe','Bobtail'),
(132456,'coupe','Briard'),
(132456,'coupe','Terre Neuve'),
(132456,'coupe','Saint Bernard'),
(132456,'bain','Terre Neuve'),
(132456,'bain','Saint Bernard');

create table paye(
  numClient int (10) not null,
  nom varchar (15) not null,
  race varchar (24) not null,
  prestation date
  primary key (numClient, nom, race, prestation),
  foreign key (siret) references magasins (siret) on delete cascade on update on cascade,
  foreign key (nom) references formule (nom) on delete cascade on update on cascade,
  foreign key (race) references formule (race) on delete cascade on update on cascade,
  foreign key (prestation) references formule (prestation) on delete cascade on update on cascade
);

insert into paye values
  (1654892,'standard','York','2016-07-26')
  (1654892,'peluche','York','2016-09-12')
  (1654892,'standard','York','2016-11-25')
  (1654892,'tonte','York','2017-01-21')
  (1654892,'standard','York','2017-03-12')
  (1654892,'new look','York','2017-05-23')
  (1654892,'standard','York','2017-07-30')
  (1654892,'peluche','York','2017-09-21')
  (1654892,'standard','York','2017-11-12')
  (1654892,'new look','York','2018-01-12')
  (1654892,'standard','York','2018-03-24')
  (1654892,'peluche','York','2018-05-14')
  (1654892,'standard','York','2018-07-26')
  (1654892,'new look','York','2018-09-12')
  (1654892,'standard','York','2018-11-01')
  (2561015,'coupe','Chihuahua','2015-01-25')
  (2561015,'bain','Chihuahua','2015-03-14')
  (2561015,'coupe','Chihuahua','2015-05-16')
  (2561015,'tonte','Chihuahua','2015-07-24')
  (2561015,'coupe','Chihuahua','2015-09-18')
  (2561015,'coupe','Chihuahua','2015-11-20')
  (2561015,'tonte','Chihuahua','2016-01-17')
  (2561015,'coupe','Chihuahua','2016-03-19')
  (2561015,'bain','Chihuahua','2016-05-29')
  (2561015,'coupe','Chihuahua','2016-07-10')
  (2561015,'coupe','Chihuahua','2016-09-27')
  (2561015,'coupe','Chihuahua','2016-11-29')
  (2561015,'tonte','Chihuahua','2017-01-21')
  (2561015,'coupe','Chihuahua','2017-03-10')
  (2561015,'bain','Chihuahua','2017-05-23')
  (2561015,'coupe','Chihuahua','2017-07-12')
  (2561015,'tonte','Chihuahua','2017-09-22')
  (2561015,'coupe','Chihuahua','2017-11-23')
  (2561015,'tonte','Chihuahua','2018-01-14')
  (2561015,'coupe','Chihuahua','2018-03-18')
  (2561015,'coupe','Chihuahua','2018-05-30')
  (2561015,'bain','Chihuahua','2018-07-22')
  (2561015,'coupe','Chihuahua','2018-09-19')
  (2561015,'bain','Chihuahua','2018-11-10')
  (5465413,,'2015-02-26')
  (5465413,,'2015-04-18')
  (5465413,,'2015-06-25')
  (5465413,,'2015-08-17')
  (5465413,,'2015-10-25')
  (5465413,,'2015-12-14')
  (5465413,,'2016-02-20')
  (5465413,,'2016-04-30')
  (5465413,,'2016-06-17')
  (5465413,,'2016-08-29')
  (5465413,,'2016-12-10')
  (5465413,,'2017-02-19')
  (5465413,,'2017-04-25')
  (5465413,,'2017-06-27')
  (5465413,,'2017-08-10')
  (5465413,,'2017-10-17')
  (5465413,,'2017-12-04')
  (5465413,,'2018-02-01')
  (5465413,,'2018-04-05')
  (5465413,,'2018-06-08')
  (5465413,,'2018-08-30')
  (5465413,,'2018-10-06')
  (4654891,,'2015-01-19')
  (4654891,,'2015-03-14')
  (4654891,,'2015-05-28')
  (4654891,,'2015-07-14')
  (4654891,,'2015-09-01')
  (4654891,,'2015-11-26')
  (4654891,,'2016-01-09')
  (4654891,,'2016-03-18')
  (4654891,,'2016-05-20')
  (4654891,,'2016-07-12')
  (4654891,,'2016-09-02')
  (4654891,,'2016-11-25')
  (4654891,,'2017-01-24')
  (4654891,,'2017-03-10')
  (4654891,,'2017-05-04')
  (4654891,,'2017-07-16')
  (4654891,,'2017-09-26')
  (4654891,,'2017-11-07')
  (4654891,,'2018-01-09')
  (4654891,,'2018-03-15')
  (4654891,,'2018-05-18')
  (4654891,,'2018-07-30')
  (4654891,,'2018-09-14')
  (4654891,,'2018-11-07')
  (5412328,,'2015-01-16')
  (5412328,,'2015-03-20')
  (5412328,,'2015-05-19')
  (5412328,,'2015-07-13')
  (5412328,,'2015-09-15')
  (5412328,,'2015-11-24')
  (5412328,,'2016-01-02')
  (5412328,,'2016-03-18')
  (5412328,,'2016-05-10')
  (5412328,,'2016-07-02')
  (5412328,,'2016-09-18')
  (5412328,,'2016-11-29')
  (5412328,,'2017-01-20')
  (5412328,,'2017-03-17')
  (5412328,,'2017-05-26')
  (5412328,,'2017-07-20')
  (5412328,,'2017-09-04')
  (5412328,,'2017-11-12')
  (5412328,,'2018-01-26')
  (5412328,,'2018-03-20')
  (5412328,,'2018-05-12')
  (5412328,,'2018-07-10')
  (5412328,,'2018-09-01')
  (5412328,,'2018-11-14')
  (651321,,'2015-03-20')
  (651321,,'2015-05-14')
  (651321,,'2015-07-04')
  (651321,,'2015-09-20')
  (651321,,'2015-11-29')
  (651321,,'2016-01-10')
  (651321,,'2016-03-24')
  (651321,,'2016-05-19')
  (651321,,'2016-07-30')
  (651321,,'2016-09-03')
  (651321,,'2016-11-17')
  (651321,,'2017-01-10')
  (651321,,'2017-03-11')
  (651321,,'2017-05-03')
  (651321,,'2017-07-10')
  (651321,,'2017-09-25')
  (651321,,'2017-11-20')
  (651321,,'2018-01-16')
  (651321,,'2018-03-03')
  (651321,,'2018-05-19')
  (651321,,'2018-07-11')
  (651321,,'2018-09-30')
  (651321,,'2018-11-03')
  (456312,,'2016-01-12')
  (456312,,'2016-08-21')
  (456312,,'2017-04-04')
  (456312,,'2017-12-18')
  (456312,,'2018-06-20')
  (864123,,'2015-06-20')
  (864123,,'2015-12-20')
  (864123,,'2016-04-12')
  (864123,,'2016-06-20')
  (864123,,'2016-10-03')
  (864123,,'2017-01-21')
  (864123,,'2017-04-09')
  (864123,,'2017-08-15')
  (864123,,'2017-12-07')
  (864123,,'2018-04-18')
  (864123,,'2018-08-13')
  (546135,,'2016-04-15')
  (546135,,'2016-06-19')
  (546135,,'2016-08-05')
  (546135,,'2016-10-23')
  (546135,,'2016-12-27')
  (546135,,'2017-02-13')
  (546135,,'2017-04-03')
  (546135,,'2017-06-01')
  (546135,,'2017-08-30')
  (546135,,'2017-10-13')
  (546135,,'2017-12-06')
  (546135,,'2018-02-10')
  (546135,,'2018-04-23')
  (546135,,'2018-08-13')
  (546135,,'2018-10-05')
  (867453,,'2017-03-20')
  (867453,,'2017-07-04')
  (867453,,'2017-11-28')
  (867453,,'2018-01-23')
  (867453,,'2018-03-01')
  (867453,,'2018-09-26')
  (486985,,'2015-07-06')
  (486985,,'2015-09-10')
  (486985,,'2015-11-23')
  (486985,,'2016-01-05')
  (486985,,'2016-03-16')
  (486985,,'2016-05-08')
  (486985,,'2016-07-23')
  (486985,,'2016-09-15')
  (486985,,'2016-11-16')
  (486985,,'2017-03-23')
  (486985,,'2017-05-15')
  (486985,,'2017-07-02')
  (486985,,'2017-09-23')
  (486985,,'2017-11-16')
  (486985,,'2018-01-21')
  (486985,,'2018-03-01')
  (486985,,'2018-05-20')
  (486985,,'2018-07-11')
  (486985,,'2018-09-10')
  (486985,,'2018-11-18')
  (546385,,'2015-03-14')
  (546385,,'2015-05-10')
  (546385,,'2015-07-03')
  (546385,,'2015-09-19')
  (546385,,'2015-11-10')
  (546385,,'2016-01-03')
  (546385,,'2016-03-16')
  (546385,,'2016-05-29')
  (546385,,'2016-07-03')
  (546385,,'2016-09-18')
  (546385,,'2016-11-07')
  (546385,,'2017-01-29')
  (546385,,'2017-03-26')
  (546385,,'2017-05-03')
  (546385,,'2017-07-18')
  (546385,,'2017-09-01')
  (546385,,'2017-11-27')
  (546385,,'2018-01-23')
  (546385,,'2018-03-30')
  (546385,,'2018-05-27')
  (546385,,'2018-07-13')
  (546385,,'2018-09-10')
  (546385,,'2018-11-06')
  (575435,,'2015-12-01')
  (575435,,'2016-07-20')
  (575435,,'2016-09-10')
  (575435,,'2017-04-30')
  (575435,,'2017-09-14')
  (575435,,'2018-05-10')
  (575435,,'2018-10-22')
  (886886,,'2015-01-14')
  (886886,,'2015-03-28')
  (886886,,'2015-05-30')
  (886886,,'2015-08-27')
  (886886,,'2015-11-23')
  (886886,,'2016-01-29')
  (886886,,'2016-03-03')
  (886886,,'2016-05-30')
  (886886,,'2016-07-13')
  (886886,,'2016-09-17')
  (886886,,'2016-11-01')
  (886886,,'2017-01-12')
  (886886,,'2017-03-23')
  (886886,,'2017-05-01')
  (886886,,'2017-07-16')
  (886886,,'2017-09-23')
  (886886,,'2017-11-30')
  (886886,,'2018-02-13')
  (886886,,'2018-05-14')
  (886886,,'2018-07-29')
  (886886,,'2018-10-11')
  (147341,,'2016-05-30')
  (147341,,'2016-07-10')
  (147341,,'2016-09-07')
  (147341,,'2016-11-17')
  (147341,,'2017-01-10')
  (147341,,'2017-03-17')
  (147341,,'2017-05-20')
  (147341,,'2017-07-03')
  (147341,,'2017-09-22')
  (147341,,'2017-11-23')
  (147341,,'2018-02-10')
  (147341,,'2018-04-17')
  (147341,,'2018-07-23')
  (147341,,'2018-09-14')
  (147341,,'2018-11-20')
  (645664,,'2015-11-22')
  (645664,,'2016-01-17')
  (645664,,'2016-03-12')
  (645664,,'2016-05-15')
  (645664,,'2016-07-02')
  (645664,,'2016-09-10')
  (645664,,'2016-11-16')
  (645664,,'2017-01-09')
  (645664,,'2017-03-06')
  (645664,,'2017-05-02')
  (645664,,'2017-07-30')
  (645664,,'2017-09-18')
  (645664,,'2017-11-24')
  (645664,,'2017-12-20')
  (645664,,'2018-02-27')
  (645664,,'2018-04-13')
  (645664,,'2018-06-17')
  (645664,,'2018-09-04')
  (645664,,'2018-11-14')
  (654789,,'2016-07-17')
  (654789,,'2017-07-07')
  (654789,,'2018-07-23')
  (7978960,,'2015-01-04')
  (7978960,,'2015-03-07')
  (7978960,,'2015-05-08')
  (7978960,,'2015-07-17')
  (7978960,,'2015-09-26')
  (7978960,,'2015-11-23')
  (7978960,,'2016-01-07')
  (7978960,,'2016-03-30')
  (7978960,,'2016-05-27')
  (7978960,,'2016-07-14')
  (7978960,,'2016-09-20')
  (7978960,,'2016-10-01')
  (7978960,,'2017-02-09')
  (7978960,,'2017-04-17')
  (7978960,,'2017-06-14')
  (7978960,,'2017-08-23')
  (7978960,,'2017-10-05')
  (7978960,,'2017-12-17')
  (7978960,,'2018-02-13')
  (7978960,,'2018-04-29')
  (7978960,,'2018-06-13')
  (7978960,,'2018-08-29')
  (7978960,,'2018-10-11')
  (165468,,'2016-09-17')
  (165468,,'2016-11-29')
  (165468,,'2017-01-13')
  (165468,,'2017-03-30')
  (165468,,'2017-05-17')
  (165468,,'2017-07-02')
  (165468,,'2017-09-18')
  (165468,,'2017-11-02')
  (165468,,'2018-01-30')
  (165468,,'2018-03-27')
  (165468,,'2018-05-21')
  (165468,,'2018-07-23')
  (165468,,'2018-11-21')
  (4654891,,'2015-05-28')
  (4654891,,'2015-07-14')
  (4654891,,'2015-09-01')
  (4654891,,'2015-11-26')
  (4654891,,'2016-01-09')
  (4654891,,'2016-03-18')
  (4654891,,'2016-05-20')
  (4654891,,'2016-07-12')
  (4654891,,'2016-09-02')
  (4654891,,'2016-11-25')
  (4654891,,'2017-01-24')
  (4654891,,'2017-03-10')
  (4654891,,'2017-05-04')
  (4654891,,'2017-07-16')
  (4654891,,'2017-09-26')
  (4654891,,'2017-11-07')
  (4654891,,'2018-01-09')
  (4654891,,'2018-03-15')
  (4654891,,'2018-05-18')
  (4654891,,'2018-07-30')
  (4654891,,'2018-09-14')
  (4654891,,'2018-11-07')



grant all privileges
on produit
to Nathalie_Garnier
with grant option;
--donne tout l'acces  Nathalie  la table produit

create role PROPRIO;
  grant select on proprietaire to PROPRIO; --donne acces  la table proprietaire
  grant update salaire on proprietaire to PROPRIO; --permet de lui modifier le salaire
  grant PROPRIO to Nathalie_Garnier; --donne ce rle  Nathalie
